,drop_off_hexes,count,day_time
200,89f05ab5d87ffff,9303,Night
199,89f05ab5db3ffff,9303,Night
198,89f05ab4e4bffff,9303,Night
197,89f05ab4e5bffff,9303,Night
196,89f05ab5d17ffff,9303,Night
195,89f05ab5dbbffff,9303,Night
12,89f05ab4e7bffff,9249,Night
16,89f05ab4ad3ffff,9249,Night
15,89f05ab5da7ffff,9249,Night
14,89f05ab4e6bffff,9249,Night
13,89f05ab4e57ffff,9249,Night
10,89f05ab5db7ffff,9249,Night
11,89f05ab5da3ffff,9249,Night
9,89f05ab4e4fffff,9249,Night
8,89f05ab4e47ffff,9249,Night
7,89f05ab4adbffff,9249,Night
568,89f05ab4e43ffff,7799,Night
573,89f05ab4ed3ffff,7799,Night
572,89f05ab4edbffff,7799,Night
571,89f05ab4ec3ffff,7799,Night
569,89f05ab4ecbffff,7799,Night
570,89f05ab4e53ffff,7799,Night
240,89f05ab4a07ffff,7572,Night
244,89f05aa6483ffff,7572,Night
242,89f05ab4a17ffff,7572,Night
241,89f05ab4a83ffff,7572,Night
245,89f05aa648bffff,7572,Night
239,89f05ab4a3bffff,7572,Night
246,89f05ab4a93ffff,7572,Night
251,89f05aa649bffff,7572,Night
250,89f05ab4a8fffff,7572,Night
249,89f05aa6413ffff,7572,Night
247,89f05ab4a67ffff,7572,Night
248,89f05aa6493ffff,7572,Night
243,89f05ab4a2bffff,7572,Night
45,89f05aa609bffff,7099,Night
46,89f05aa608fffff,7099,Night
47,89f05aa6407ffff,7099,Night
48,89f05aa6093ffff,7099,Night
49,89f05aa6083ffff,7099,Night
53,89f05aa6017ffff,7099,Night
54,89f05aa6477ffff,7099,Night
52,89f05aa603bffff,7099,Night
60,89f05aa608bffff,7099,Night
59,89f05aa6467ffff,7099,Night
58,89f05aa642bffff,7099,Night
57,89f05aa600bffff,7099,Night
56,89f05aa6003ffff,7099,Night
51,89f05aa6013ffff,7099,Night
55,89f05aa643bffff,7099,Night
50,89f05aa6007ffff,7099,Night
330,89f05ab4367ffff,5422,Night
331,89f05ab432bffff,5422,Night
332,89f05ab5d8fffff,5422,Night
325,89f05ab5d13ffff,5422,Night
326,89f05ab5d93ffff,5422,Night
327,89f05ab5d9bffff,5422,Night
328,89f05ab5d83ffff,5422,Night
329,89f05ab5d8bffff,5422,Night
336,89f05ab4143ffff,5385,Night
335,89f05ab43a7ffff,5385,Night
334,89f05ab414fffff,5385,Night
333,89f05ab43b7ffff,5385,Night
77,89f05ab4e73ffff,5228,Night
82,89f05ab4e1bffff,5228,Night
81,89f05ab4e0bffff,5228,Night
79,89f05ab4ec7ffff,5228,Night
78,89f05ab4ed7ffff,5228,Night
80,89f05ab4ecfffff,5228,Night
650,89f05aa6087ffff,4545,Night
643,89f05aa60abffff,4545,Night
644,89f05aa6033ffff,4545,Night
645,89f05aa654bffff,4545,Night
646,89f05aa602bffff,4545,Night
647,89f05aa6023ffff,4545,Night
648,89f05aa60a3ffff,4545,Night
649,89f05aa6097ffff,4545,Night
651,89f05aa60b3ffff,4545,Night
652,89f05aa602fffff,4545,Night
653,89f05aa60afffff,4545,Night
63,89f05aa640bffff,4371,Night
70,89f05ab4a6bffff,4371,Night
61,89f05ab4a63ffff,4371,Night
62,89f05aa64cfffff,4371,Night
69,89f05aa641bffff,4371,Night
66,89f05ab4a6fffff,4371,Night
65,89f05aa6447ffff,4371,Night
67,89f05aa64c3ffff,4371,Night
68,89f05ab4a77ffff,4371,Night
76,89f05aa64d7ffff,4371,Night
75,89f05aa64d3ffff,4371,Night
74,89f05aa6463ffff,4371,Night
73,89f05aa6473ffff,4371,Night
64,89f05aa6457ffff,4371,Night
72,89f05ab4a73ffff,4371,Night
71,89f05aa64c7ffff,4371,Night
577,89f05ab432fffff,4329,Night
576,89f05ab4323ffff,4329,Night
575,89f05ab4333ffff,4329,Night
574,89f05ab5d97ffff,4329,Night
301,89f05ab6bcbffff,4231,Night
300,89f05ab6bdbffff,4231,Night
302,89f05ab686bffff,4231,Night
303,89f05ab6b53ffff,4231,Night
304,89f05ab687bffff,4231,Night
305,89f05ab6bd3ffff,4231,Night
306,89f05ab6aa7ffff,4231,Night
307,89f05ab6847ffff,4231,Night
308,89f05ab6ab7ffff,4231,Night
36,89f05ab48cfffff,4133,Night
43,89f05ab4ccfffff,4133,Night
37,89f05ab4c6bffff,4133,Night
38,89f05ab48c3ffff,4133,Night
39,89f05ab4c7bffff,4133,Night
40,89f05ab4c57ffff,4133,Night
41,89f05ab4c47ffff,4133,Night
42,89f05ab4c63ffff,4133,Night
44,89f05ab48d3ffff,4133,Night
33,89f05ab4c73ffff,3817,Night
35,89f05ab4c1bffff,3817,Night
32,89f05ab4cc7ffff,3817,Night
34,89f05ab4c0bffff,3817,Night
452,89f05ab4b4fffff,3621,Night
455,89f05ab4b5bffff,3621,Night
461,89f05ab4a27ffff,3621,Night
465,89f05ab4b4bffff,3621,Night
454,89f05ab4bcbffff,3621,Night
453,89f05aa6433ffff,3621,Night
457,89f05aa6487ffff,3621,Night
458,89f05aa64bbffff,3621,Night
459,89f05ab4b53ffff,3621,Night
460,89f05aa6417ffff,3621,Night
456,89f05aa648fffff,3621,Night
462,89f05aa6497ffff,3621,Night
463,89f05aa64b3ffff,3621,Night
464,89f05aa64abffff,3621,Night
532,89f05ab4aa3ffff,3612,Night
536,89f05ab486bffff,3612,Night
550,89f05ab4bdbffff,3612,Night
551,89f05ab4e27ffff,3612,Night
553,89f05ab4b43ffff,3612,Night
554,89f05ab4aabffff,3612,Night
533,89f05ab4a33ffff,3612,Night
535,89f05ab4ab3ffff,3612,Night
534,89f05ab4aafffff,3612,Night
537,89f05ab48cbffff,3612,Night
556,89f05ab484fffff,3612,Night
549,89f05ab4ea7ffff,3612,Night
548,89f05ab4ab7ffff,3612,Night
547,89f05ab4b57ffff,3612,Night
546,89f05ab4bcfffff,3612,Night
545,89f05ab48dbffff,3612,Night
544,89f05ab4a37ffff,3612,Night
543,89f05ab4843ffff,3612,Night
542,89f05ab484bffff,3612,Night
541,89f05ab4a2fffff,3612,Night
540,89f05ab4bc3ffff,3612,Night
539,89f05ab4aa7ffff,3612,Night
538,89f05ab485bffff,3612,Night
555,89f05ab4853ffff,3612,Night
531,89f05ab4a23ffff,3612,Night
552,89f05ab4bd3ffff,3612,Night
654,89f05ab4167ffff,3311,Night
655,89f05ab4e9bffff,3311,Night
130,89f05aa6323ffff,3296,Night
136,89f05aa63afffff,3296,Night
135,89f05aa6e4bffff,3296,Night
134,89f05aa6ecbffff,3296,Night
133,89f05aa6333ffff,3296,Night
132,89f05aa6e53ffff,3296,Night
131,89f05aa45b3ffff,3296,Night
129,89f05aa6e43ffff,3296,Night
123,89f05aa6327ffff,3296,Night
128,89f05aa6e4fffff,3296,Night
127,89f05aa63a7ffff,3296,Night
126,89f05aa632fffff,3296,Night
122,89f05aa6337ffff,3296,Night
125,89f05aa6e5bffff,3296,Night
137,89f05aa6edbffff,3296,Night
124,89f05aa63abffff,3296,Night
288,89f05ab49dbffff,3255,Night
292,89f05ab4c27ffff,3255,Night
283,89f05ab4827ffff,3255,Night
284,89f05ab4d53ffff,3255,Night
286,89f05ab4d5bffff,3255,Night
287,89f05ab4837ffff,3255,Night
289,89f05ab4d4bffff,3255,Night
290,89f05ab4c37ffff,3255,Night
291,89f05ab4dcbffff,3255,Night
285,89f05ab48b3ffff,3255,Night
293,89f05ab48a3ffff,3255,Night
295,89f05ab4cb7ffff,3255,Night
296,89f05ab48a7ffff,3255,Night
297,89f05ab4ca7ffff,3255,Night
294,89f05ab48afffff,3255,Night
298,89f05ab495bffff,3255,Night
299,89f05ab4ddbffff,3255,Night
221,89f05ab41d7ffff,3234,Night
219,89f05ab411bffff,3234,Night
220,89f05ab410bffff,3234,Night
222,89f05ab41c7ffff,3234,Night
441,89f05ab4c9bffff,3127,Night
440,89f05ab4c03ffff,3127,Night
439,89f05ab4c13ffff,3127,Night
438,89f05ab4c0fffff,3127,Night
437,89f05ab4c8bffff,3127,Night
1282,89f05ab5d57ffff,3040,Night
1285,89f05ab5d1bffff,3040,Night
1284,89f05ab5d0bffff,3040,Night
1279,89f05ab5d7bffff,3040,Night
1280,89f05ab5d47ffff,3040,Night
1281,89f05ab5d73ffff,3040,Night
1283,89f05ab5dc7ffff,3040,Night
1934,89f05aa607bffff,2789,Night
1938,89f05aa63d3ffff,2789,Night
1930,89f05aa646fffff,2789,Night
1935,89f05aa606bffff,2789,Night
1932,89f05aa6057ffff,2789,Night
1937,89f05aa601bffff,2789,Night
1936,89f05aa60d7ffff,2789,Night
1933,89f05aa60c7ffff,2789,Night
1931,89f05aa6047ffff,2789,Night
668,89f05ab4327ffff,2781,Night
667,89f05ab43a3ffff,2781,Night
669,89f05ab43afffff,2781,Night
670,89f05ab4337ffff,2781,Night
487,89f05ab4c23ffff,2745,Night
486,89f05ab4c3bffff,2745,Night
485,89f05ab4c33ffff,2745,Night
484,89f05ab4c2bffff,2745,Night
483,89f05ab4c2fffff,2745,Night
482,89f05ab4c07ffff,2745,Night
481,89f05ab4893ffff,2745,Night
480,89f05ab4897ffff,2745,Night
93,89f05ab4a8bffff,2706,Night
97,89f05ab4a0fffff,2706,Night
95,89f05ab4a13ffff,2706,Night
94,89f05ab4e67ffff,2706,Night
96,89f05ab4a9bffff,2706,Night
92,89f05ab4a03ffff,2706,Night
91,89f05ab4cabffff,2693,Night
90,89f05ab6b5bffff,2693,Night
89,89f05ab6b4bffff,2693,Night
88,89f05ab4cbbffff,2693,Night
87,89f05ab4cafffff,2693,Night
85,89f05ab4cb3ffff,2693,Night
84,89f05ab4c97ffff,2693,Night
83,89f05ab4c87ffff,2693,Night
86,89f05ab4ca3ffff,2693,Night
227,89f05ab5d27ffff,2663,Night
226,89f05ab59a3ffff,2663,Night
234,89f05ab59b7ffff,2663,Night
228,89f05ab4a43ffff,2663,Night
230,89f05ab5dafffff,2663,Night
231,89f05ab4a4fffff,2663,Night
232,89f05ab5927ffff,2663,Night
233,89f05ab4a5bffff,2663,Night
235,89f05ab4a4bffff,2663,Night
236,89f05ab5937ffff,2663,Night
237,89f05ab59afffff,2663,Night
238,89f05ab59a7ffff,2663,Night
225,89f05ab59b3ffff,2663,Night
229,89f05ab5d37ffff,2663,Night
628,89f05ab6a2fffff,2648,Night
627,89f05ab6a27ffff,2648,Night
632,89f05ab6a33ffff,2648,Night
629,89f05ab6aabffff,2648,Night
626,89f05ab6a23ffff,2648,Night
630,89f05ab6aafffff,2648,Night
631,89f05ab6a37ffff,2648,Night
176,89f05ab4c77ffff,2641,Night
179,89f05ab4c67ffff,2641,Night
178,89f05ab487bffff,2641,Night
177,89f05ab480bffff,2641,Night
170,89f05ab489bffff,2641,Night
175,89f05ab48d7ffff,2641,Night
169,89f05ab4873ffff,2641,Night
173,89f05ab4847ffff,2641,Night
172,89f05ab481bffff,2641,Night
171,89f05ab4857ffff,2641,Night
174,89f05ab48c7ffff,2641,Night
180,89f05ab4863ffff,2641,Night
181,89f05ab4c6fffff,2641,Night
168,89f05ab486fffff,2641,Night
698,89f05ab5993ffff,2607,Night
697,89f05ab5913ffff,2607,Night
696,89f05ab598bffff,2607,Night
695,89f05ab5d33ffff,2607,Night
700,89f05ab5d2bffff,2607,Night
699,89f05ab5d23ffff,2607,Night
216,89f05aa6313ffff,2573,Night
215,89f05aa6303ffff,2573,Night
217,89f05aa639bffff,2573,Night
214,89f05aa6393ffff,2573,Night
213,89f05aa638bffff,2573,Night
218,89f05aa6383ffff,2573,Night
564,89f05ab598fffff,2546,Night
565,89f05ab590fffff,2546,Night
566,89f05ab5d2fffff,2546,Night
567,89f05ab5903ffff,2546,Night
562,89f05ab5917ffff,2546,Night
563,89f05ab5983ffff,2546,Night
182,89f05ab4b3bffff,2500,Night
187,89f05ab4803ffff,2500,Night
194,89f05aa6593ffff,2500,Night
183,89f05ab4b07ffff,2500,Night
192,89f05ab4b93ffff,2500,Night
191,89f05ab488bffff,2500,Night
189,89f05ab482bffff,2500,Night
188,89f05ab4b8fffff,2500,Night
193,89f05ab483bffff,2500,Night
186,89f05ab4813ffff,2500,Night
185,89f05ab4b2bffff,2500,Night
184,89f05ab4b83ffff,2500,Night
190,89f05ab4b17ffff,2500,Night
269,89f05ab4567ffff,2444,Night
268,89f05ab418bffff,2444,Night
267,89f05ab419bffff,2444,Night
266,89f05ab4577ffff,2444,Night
265,89f05ab4113ffff,2444,Night
747,89f05aa6307ffff,2318,Night
746,89f05aa6317ffff,2318,Night
750,89f05aa6387ffff,2318,Night
749,89f05aa6397ffff,2318,Night
748,89f05aa638fffff,2318,Night
1202,89f05ab5933ffff,2116,Night
1201,89f05ab5923ffff,2116,Night
1199,89f05ab59abffff,2116,Night
1198,89f05ab5987ffff,2116,Night
1197,89f05ab59bbffff,2116,Night
1200,89f05ab5997ffff,2116,Night
605,89f05ab4e8bffff,2092,Night
114,89f05ab6a1bffff,2078,Night
115,89f05ab6ac7ffff,2078,Night
116,89f05ab6ad7ffff,2078,Night
117,89f05ab6e6fffff,2078,Night
754,89f05ab59d7ffff,2057,Night
753,89f05ab59cfffff,2057,Night
751,89f05ab5d6fffff,2057,Night
755,89f05ab5957ffff,2057,Night
756,89f05ab59c7ffff,2057,Night
757,89f05ab5947ffff,2057,Night
752,89f05ab591bffff,2057,Night
611,89f05aa64a3ffff,1927,Night
612,89f05aa6437ffff,1927,Night
613,89f05aa64afffff,1927,Night
614,89f05aa642fffff,1927,Night
615,89f05aa60bbffff,1927,Night
610,89f05aa6423ffff,1927,Night
209,89f05ab4807ffff,1888,Night
212,89f05ab4b87ffff,1888,Night
211,89f05ab482fffff,1888,Night
210,89f05ab4883ffff,1888,Night
201,89f05ab4887ffff,1888,Night
207,89f05ab4817ffff,1888,Night
206,89f05ab488fffff,1888,Night
205,89f05ab48abffff,1888,Night
202,89f05ab4823ffff,1888,Night
204,89f05ab4b97ffff,1888,Night
203,89f05ab4833ffff,1888,Night
208,89f05ab48bbffff,1888,Night
587,89f05ab6aa3ffff,1871,Night
588,89f05ab685bffff,1871,Night
589,89f05ab684bffff,1871,Night
586,89f05ab6ab3ffff,1871,Night
368,89f05ab4107ffff,1859,Night
369,89f05ab413bffff,1859,Night
370,89f05ab41abffff,1859,Night
371,89f05ab41bbffff,1859,Night
449,89f05ab6eafffff,1810,Night
448,89f05ab6e23ffff,1810,Night
451,89f05ab6e27ffff,1810,Night
450,89f05ab6e2fffff,1810,Night
447,89f05ab6e37ffff,1810,Night
1270,89f05ab596bffff,1773,Night
1269,89f05ab5973ffff,1773,Night
1268,89f05ab5963ffff,1773,Night
1267,89f05aa66d3ffff,1773,Night
1266,89f05ab590bffff,1773,Night
1384,89f05ab452bffff,1759,Night
1385,89f05ab4193ffff,1759,Night
256,89f05ab5d67ffff,1620,Night
254,89f05ab5d77ffff,1620,Night
253,89f05ab5d07ffff,1620,Night
252,89f05ab599bffff,1620,Night
255,89f05ab5d3bffff,1620,Night
420,89f05aa4c37ffff,1586,Night
422,89f05aa4827ffff,1586,Night
421,89f05aa4c2bffff,1586,Night
415,89f05aa48afffff,1586,Night
419,89f05aa4bbbffff,1586,Night
418,89f05aa4893ffff,1586,Night
417,89f05aa4953ffff,1586,Night
416,89f05aa4887ffff,1586,Night
424,89f05aa49cbffff,1586,Night
414,89f05aa4c23ffff,1586,Night
423,89f05aa4c3bffff,1586,Night
429,89f05aa6abbffff,1586,Night
425,89f05aa49dbffff,1586,Night
426,89f05aa4c33ffff,1586,Night
427,89f05aa494bffff,1586,Night
428,89f05aa4d5bffff,1586,Night
430,89f05aa4b87ffff,1586,Night
431,89f05aa488fffff,1586,Night
432,89f05aa4cafffff,1586,Night
433,89f05aa4b23ffff,1586,Night
434,89f05aa4b93ffff,1586,Night
435,89f05aa6b5bffff,1586,Night
436,89f05aa6a2fffff,1586,Night
412,89f05aa4c97ffff,1586,Night
413,89f05aa4817ffff,1586,Night
400,89f05aa4ca3ffff,1586,Night
411,89f05aa4cbbffff,1586,Night
380,89f05aa4ba3ffff,1586,Night
410,89f05aa4807ffff,1586,Night
386,89f05aa4cb3ffff,1586,Night
385,89f05aa4833ffff,1586,Night
384,89f05aa48a7ffff,1586,Night
383,89f05aa6a37ffff,1586,Night
382,89f05aa4823ffff,1586,Night
381,89f05aa6a33ffff,1586,Night
379,89f05aa48a3ffff,1586,Night
389,89f05aa4c8fffff,1586,Night
378,89f05aa4837ffff,1586,Night
377,89f05aa4b83ffff,1586,Night
376,89f05aa6a27ffff,1586,Night
375,89f05aa4b33ffff,1586,Night
374,89f05aa482bffff,1586,Night
373,89f05aa4babffff,1586,Night
372,89f05aa4883ffff,1586,Night
388,89f05aa4c2fffff,1586,Night
387,89f05aa48b7ffff,1586,Night
390,89f05aa4cabffff,1586,Night
402,89f05aa4897ffff,1586,Night
409,89f05aa48b3ffff,1586,Night
408,89f05aa48bbffff,1586,Night
407,89f05aa6b4bffff,1586,Night
406,89f05aa4bb3ffff,1586,Night
405,89f05aa48abffff,1586,Night
404,89f05aa482fffff,1586,Night
391,89f05aa483bffff,1586,Night
403,89f05aa4c27ffff,1586,Night
394,89f05aa4c07ffff,1586,Night
401,89f05aa495bffff,1586,Night
399,89f05aa6aabffff,1586,Night
398,89f05aa6a87ffff,1586,Night
397,89f05aa4d4bffff,1586,Night
396,89f05aa6a23ffff,1586,Night
395,89f05aa4c17ffff,1586,Night
393,89f05aa4b97ffff,1586,Night
392,89f05aa4c87ffff,1586,Night
579,89f05ab4b9bffff,1577,Night
580,89f05ab4b03ffff,1577,Night
581,89f05ab4b13ffff,1577,Night
582,89f05ab4b8bffff,1577,Night
583,89f05ab480fffff,1577,Night
578,89f05ab4867ffff,1577,Night
584,89f05ab4877ffff,1577,Night
811,89f05ab5953ffff,1568,Night
812,89f05ab59dbffff,1568,Night
813,89f05ab59cbffff,1568,Night
809,89f05ab59d3ffff,1568,Night
810,89f05ab5d6bffff,1568,Night
715,89f05ab5ba7ffff,1535,Night
717,89f05aa664bffff,1535,Night
716,89f05aa66cbffff,1535,Night
714,89f05aa75b3ffff,1535,Night
713,89f05aa66dbffff,1535,Night
718,89f05aa665bffff,1535,Night
224,89f05ab6b4fffff,1525,Night
223,89f05ab6b43ffff,1525,Night
258,89f05ab6a9bffff,1509,Night
257,89f05ab6e67ffff,1509,Night
150,89f05ab4e37ffff,1504,Night
149,89f05ab4c53ffff,1504,Night
143,89f05ab4c4fffff,1504,Night
151,89f05ab4eb7ffff,1504,Night
147,89f05ab4c4bffff,1504,Night
146,89f05ab4eb3ffff,1504,Night
145,89f05ab4eafffff,1504,Night
144,89f05ab4c43ffff,1504,Night
148,89f05ab4ea3ffff,1504,Night
603,89f05ab4523ffff,1458,Night
602,89f05ab45a3ffff,1458,Night
601,89f05ab45b3ffff,1458,Night
604,89f05ab4533ffff,1458,Night
530,89f05ab4133ffff,1385,Night
529,89f05ab412bffff,1385,Night
528,89f05ab4123ffff,1385,Night
527,89f05ab4e93ffff,1385,Night
606,89f05ab593bffff,1347,Night
609,89f05aa669bffff,1347,Night
607,89f05ab5907ffff,1347,Night
608,89f05ab592bffff,1347,Night
313,89f05aa606fffff,1321,Night
315,89f05aa6063ffff,1321,Night
314,89f05aa63d7ffff,1321,Night
309,89f05aa6073ffff,1321,Night
310,89f05aa600fffff,1321,Night
312,89f05aa6077ffff,1321,Night
311,89f05aa6067ffff,1321,Night
1659,89f05ab4187ffff,1309,Night
1668,89f05ab4173ffff,1309,Night
1665,89f05ab4177ffff,1309,Night
1664,89f05ab418fffff,1309,Night
1658,89f05ab4117ffff,1309,Night
1666,89f05ab4163ffff,1309,Night
1667,89f05ab410fffff,1309,Night
1661,89f05ab416fffff,1309,Night
1662,89f05ab4183ffff,1309,Night
1663,89f05ab416bffff,1309,Night
1660,89f05ab4103ffff,1309,Night
140,89f05ab596fffff,1307,Night
138,89f05aa66c3ffff,1307,Night
141,89f05aa66d7ffff,1307,Night
142,89f05ab5977ffff,1307,Night
139,89f05ab5967ffff,1307,Night
911,89f05ab6a4bffff,1277,Night
912,89f05ab4527ffff,1277,Night
913,89f05ab6a5bffff,1277,Night
744,89f05ab412fffff,1251,Night
745,89f05ab4e83ffff,1251,Night
743,89f05ab4e8fffff,1251,Night
816,89f05ab41b3ffff,1242,Night
620,89f05aa65dbffff,1242,Night
625,89f05aa64b7ffff,1242,Night
624,89f05ab4b47ffff,1242,Night
623,89f05aa655bffff,1242,Night
621,89f05aa64a7ffff,1242,Night
622,89f05aa65cbffff,1242,Night
619,89f05ab4b7bffff,1242,Night
618,89f05ab4b6bffff,1242,Night
616,89f05aa65d3ffff,1242,Night
617,89f05aa6427ffff,1242,Night
561,89f05ab6853ffff,1218,Night
557,89f05ab68cbffff,1218,Night
558,89f05ab68dbffff,1218,Night
559,89f05ab6ea7ffff,1218,Night
560,89f05ab6843ffff,1218,Night
596,89f05aa456fffff,1215,Night
595,89f05aa4563ffff,1215,Night
594,89f05aa450bffff,1215,Night
593,89f05aa4547ffff,1215,Night
598,89f05aa4573ffff,1215,Night
592,89f05aa4557ffff,1215,Night
591,89f05aa451bffff,1215,Night
590,89f05aa457bffff,1215,Night
597,89f05aa40b7ffff,1215,Night
1316,89f05aa66c7ffff,1212,Night
1319,89f05aa66cfffff,1212,Night
1318,89f05aa6673ffff,1212,Night
1317,89f05aa660bffff,1212,Night
1315,89f05aa661bffff,1212,Night
1314,89f05aa6663ffff,1212,Night
1313,89f05aa62cfffff,1212,Night
1322,89f05ab4157ffff,1189,Night
1320,89f05ab41cfffff,1189,Night
1323,89f05ab417bffff,1189,Night
1321,89f05ab4147ffff,1189,Night
98,89f05ab6a97ffff,1160,Night
782,89f05ab4e13ffff,1157,Night
781,89f05ab4e03ffff,1157,Night
940,89f05ab5bafffff,1141,Night
934,89f05ab5b2fffff,1141,Night
939,89f05aa7597ffff,1141,Night
942,89f05ab5b27ffff,1141,Night
941,89f05ab5b37ffff,1141,Night
935,89f05ab5b33ffff,1141,Night
936,89f05ab5b23ffff,1141,Night
937,89f05ab5ba3ffff,1141,Night
938,89f05ab5bb3ffff,1141,Night
446,89f05ab4ebbffff,1120,Night
445,89f05ab4eabffff,1120,Night
444,89f05ab4e2bffff,1120,Night
442,89f05ab4e3bffff,1120,Night
443,89f05ab4e33ffff,1120,Night
1149,89f05ab4537ffff,1119,Night
1150,89f05ab45afffff,1119,Night
851,89f05ab6e4fffff,1111,Night
850,89f05ab6e57ffff,1111,Night
853,89f05ab6ecfffff,1111,Night
852,89f05ab6e43ffff,1111,Night
778,89f05ab6a4fffff,1103,Night
779,89f05ab6a53ffff,1103,Night
780,89f05ab6a43ffff,1103,Night
791,89f05ab6e83ffff,1102,Night
793,89f05ab6e9bffff,1102,Night
790,89f05ab6e8fffff,1102,Night
792,89f05ab6e93ffff,1102,Night
338,89f05ab6e6bffff,1092,Night
337,89f05ab6ad3ffff,1092,Night
719,89f05ab4e23ffff,1080,Night
720,89f05ab4a87ffff,1080,Night
723,89f05ab4a97ffff,1080,Night
721,89f05ab4abbffff,1080,Night
722,89f05ab4e2fffff,1080,Night
848,89f05ab4d83ffff,1076,Night
839,89f05ab6b2bffff,1076,Night
849,89f05ab6b73ffff,1076,Night
836,89f05ab6b77ffff,1076,Night
837,89f05ab6b0fffff,1076,Night
838,89f05ab6b07ffff,1076,Night
841,89f05ab6b67ffff,1076,Night
840,89f05ab4d17ffff,1076,Night
835,89f05ab6b17ffff,1076,Night
843,89f05ab4d8fffff,1076,Night
845,89f05ab6b63ffff,1076,Night
846,89f05ab6b3bffff,1076,Night
847,89f05ab4d93ffff,1076,Night
842,89f05ab6b87ffff,1076,Night
844,89f05ab6b03ffff,1076,Night
599,89f05aa4477ffff,1076,Night
263,89f05aa6a43ffff,1074,Night
264,89f05aa6adbffff,1074,Night
262,89f05aa45b7ffff,1074,Night
261,89f05aa6acbffff,1074,Night
260,89f05aa6a53ffff,1074,Night
259,89f05aa45a7ffff,1074,Night
1271,89f05ab6abbffff,1061,Night
1272,89f05ab6a87ffff,1061,Night
638,89f05aa6027ffff,1041,Night
639,89f05aa63b7ffff,1041,Night
637,89f05aa614bffff,1041,Night
636,89f05aa63b3ffff,1041,Night
635,89f05aa63a3ffff,1041,Night
642,89f05aa614fffff,1041,Night
641,89f05aa63bbffff,1041,Night
640,89f05aa615bffff,1041,Night
662,89f05ab6b6bffff,1035,Night
661,89f05ab4d6bffff,1035,Night
663,89f05ab4d57ffff,1035,Night
659,89f05ab4d47ffff,1035,Night
658,89f05ab6b7bffff,1035,Night
660,89f05ab4dcfffff,1035,Night
657,89f05ab4dd7ffff,1035,Night
656,89f05ab4dc3ffff,1035,Night
664,89f05ab6b6fffff,1035,Night
665,89f05ab4dd3ffff,1035,Night
666,89f05ab4d7bffff,1035,Night
488,89f05ab5bb7ffff,1008,Night
490,89f05ab5943ffff,1008,Night
489,89f05ab594fffff,1008,Night
688,89f05ab6acfffff,995,Night
689,89f05ab6ac3ffff,995,Night
711,89f05ab6e77ffff,971,Night
710,89f05ab6e0fffff,971,Night
362,89f05aa6653ffff,969,Night
361,89f05aa664fffff,969,Night
360,89f05aa6647ffff,969,Night
363,89f05aa6643ffff,969,Night
364,89f05aa6657ffff,969,Night
270,89f05ab45a7ffff,945,Night
271,89f05ab45b7ffff,945,Night
712,89f05ab597bffff,916,Night
908,89f05ab4197ffff,916,Night
909,89f05ab452fffff,916,Night
731,89f05aa75abffff,915,Night
732,89f05aa75bbffff,915,Night
733,89f05aa7587ffff,915,Night
734,89f05aa7533ffff,915,Night
585,89f05ab41afffff,897,Night
919,89f05aa4c5bffff,896,Night
923,89f05aa4127ffff,896,Night
917,89f05aa41b3ffff,896,Night
922,89f05aa41a3ffff,896,Night
921,89f05aa6a4bffff,896,Night
920,89f05aa4137ffff,896,Night
918,89f05aa6a4fffff,896,Night
914,89f05aa41afffff,896,Night
916,89f05aa4c4bffff,896,Night
915,89f05aa41b7ffff,896,Night
165,89f05aa6ad3ffff,888,Night
167,89f05aa6e73ffff,888,Night
164,89f05aa6a6bffff,888,Night
163,89f05aa6e0bffff,888,Night
162,89f05aa6e7bffff,888,Night
161,89f05aa6e63ffff,888,Night
160,89f05aa6e1bffff,888,Night
159,89f05aa6ad7ffff,888,Night
166,89f05aa6ac3ffff,888,Night
152,89f05aa6a47ffff,888,Night
158,89f05aa6acfffff,888,Night
157,89f05aa6a7bffff,888,Night
156,89f05aa6a57ffff,888,Night
155,89f05aa6e77ffff,888,Night
154,89f05aa6e6bffff,888,Night
153,89f05aa6e6fffff,888,Night
18,89f05ab4b63ffff,860,Night
17,89f05ab4bd7ffff,860,Night
21,89f05ab4b0bffff,860,Night
26,89f05ab4b73ffff,860,Night
22,89f05ab4b1bffff,860,Night
31,89f05aa651bffff,860,Night
30,89f05ab4bc7ffff,860,Night
29,89f05ab4b6fffff,860,Night
28,89f05aa659bffff,860,Night
27,89f05ab4b67ffff,860,Night
20,89f05aa65c7ffff,860,Night
19,89f05aa65d7ffff,860,Night
25,89f05ab4b77ffff,860,Night
24,89f05ab4b0fffff,860,Night
23,89f05aa656bffff,860,Night
789,89f05ab684fffff,839,Night
788,89f05ab68cfffff,839,Night
787,89f05ab68c3ffff,839,Night
786,89f05ab6857ffff,839,Night
102,89f05aa4197ffff,839,Night
112,89f05aa4123ffff,839,Night
101,89f05aa452bffff,839,Night
105,89f05aa452fffff,839,Night
106,89f05aa4533ffff,839,Night
107,89f05aa4187ffff,839,Night
108,89f05aa41abffff,839,Night
109,89f05aa41bbffff,839,Night
104,89f05aa4133ffff,839,Night
103,89f05aa4183ffff,839,Night
111,89f05aa4193ffff,839,Night
110,89f05aa4507ffff,839,Night
100,89f05aa4523ffff,839,Night
113,89f05aa418fffff,839,Night
99,89f05aa4517ffff,839,Night
768,89f05ab6c0fffff,832,Night
774,89f05ab68c7ffff,832,Night
773,89f05ab681bffff,832,Night
772,89f05ab68d7ffff,832,Night
771,89f0587922fffff,832,Night
770,89f05ab6c93ffff,832,Night
769,89f05ab6c6fffff,832,Night
767,89f05ab680bffff,832,Night
760,89f05ab6c8bffff,832,Night
763,89f05ab6c8fffff,832,Night
764,89f05ab6cbbffff,832,Night
765,89f05ab6c83ffff,832,Night
776,89f05ab6c87ffff,832,Night
766,89f05ab6c07ffff,832,Night
775,89f05ab6c67ffff,832,Night
761,89f05ab6c17ffff,832,Night
777,89f05ab6c77ffff,832,Night
762,89f05ab6c03ffff,832,Night
1028,89f05aa6617ffff,821,Night
1023,89f05aa6297ffff,821,Night
1024,89f05aa645bffff,821,Night
1035,89f05aa6607ffff,821,Night
1026,89f05aa6623ffff,821,Night
1027,89f05aa62bbffff,821,Night
1025,89f05aa6633ffff,821,Night
1029,89f05aa66bbffff,821,Night
1030,89f05aa668fffff,821,Night
1031,89f05aa6687ffff,821,Night
1032,89f05aa663bffff,821,Night
1033,89f05aa6287ffff,821,Night
1022,89f05aa662fffff,821,Night
1034,89f05aa66abffff,821,Night
805,89f05aa4c53ffff,817,Night
795,89f05aa4ccbffff,817,Night
796,89f05aa4a87ffff,817,Night
797,89f05aa4c43ffff,817,Night
798,89f05aa41a7ffff,817,Night
799,89f05aa4e27ffff,817,Night
800,89f05aa4c4fffff,817,Night
801,89f05aa4ea3ffff,817,Night
802,89f05aa485bffff,817,Night
794,89f05aa4cdbffff,817,Night
803,89f05aa4eb3ffff,817,Night
806,89f05aa4cc3ffff,817,Night
804,89f05aa4cd3ffff,817,Night
808,89f05aa4e37ffff,817,Night
807,89f05aa4eafffff,817,Night
119,89f05ab6ecbffff,814,Night
121,89f05ab6e53ffff,814,Night
120,89f05ab6e5bffff,814,Night
118,89f05ab6ec3ffff,814,Night
814,89f05ab6adbffff,808,Night
815,89f05ab6acbffff,808,Night
817,89f05ab6ec7ffff,799,Night
818,89f05ab6e1bffff,799,Night
1302,89f05aa6a0fffff,786,Night
1291,89f05aa6a77ffff,786,Night
1295,89f05aa6a2bffff,786,Night
1294,89f05aa6a03ffff,786,Night
1293,89f05aa6a8fffff,786,Night
1292,89f05aa6ac7ffff,786,Night
1290,89f05aa6a8bffff,786,Night
1311,89f05aa4c83ffff,786,Night
1289,89f05aa6a17ffff,786,Night
1288,89f05aa4c13ffff,786,Night
1287,89f05aa6a93ffff,786,Night
1286,89f05aa6a9bffff,786,Night
1312,89f05aa6e67ffff,786,Night
1308,89f05aa6a6fffff,786,Night
1310,89f05aa6a63ffff,786,Night
1309,89f05aa4c9bffff,786,Night
1301,89f05aa4c8bffff,786,Night
1307,89f05aa6a83ffff,786,Night
1306,89f05aa6a0bffff,786,Night
1305,89f05aa6a73ffff,786,Night
1303,89f05aa4cd7ffff,786,Night
1296,89f05aa4c93ffff,786,Night
1297,89f05aa6a1bffff,786,Night
1298,89f05aa6a07ffff,786,Night
1299,89f05aa6a67ffff,786,Night
1300,89f05aa6a3bffff,786,Night
1304,89f05aa6a13ffff,786,Night
1331,89f05ab6e0bffff,758,Night
1330,89f05ab6e73ffff,758,Night
474,89f05aa627bffff,755,Night
467,89f05aa444fffff,755,Night
473,89f05aa44cfffff,755,Night
466,89f05aa4457ffff,755,Night
475,89f05aa46a3ffff,755,Night
476,89f05aa6257ffff,755,Night
468,89f05aa626bffff,755,Night
477,89f05aa6247ffff,755,Night
469,89f05aa4443ffff,755,Night
470,89f05aa46b7ffff,755,Night
472,89f05aa44cbffff,755,Night
471,89f05aa4453ffff,755,Night
735,89f05ab5babffff,745,Night
742,89f05ab58a3ffff,745,Night
736,89f05ab5bbbffff,745,Night
737,89f05ab5827ffff,745,Night
738,89f05ab5b97ffff,745,Night
741,89f05ab5b87ffff,745,Night
740,89f05ab5837ffff,745,Night
739,89f05ab58afffff,745,Night
995,89f05ab6a47ffff,739,Night
272,89f05aa412fffff,725,Night
273,89f05aa4e97ffff,725,Night
274,89f05aa4e8fffff,725,Night
275,89f05aa413bffff,725,Night
276,89f05aa4ebbffff,725,Night
277,89f05aa4e87ffff,725,Night
278,89f05aa4117ffff,725,Night
279,89f05aa412bffff,725,Night
280,89f05aa4107ffff,725,Night
281,89f05aa4e83ffff,725,Night
282,89f05aa4e93ffff,725,Night
1265,89f05ab4507ffff,722,Night
1264,89f05ab453bffff,722,Night
349,89f05aa60b7ffff,710,Night
339,89f05aa65c3ffff,710,Night
341,89f05aa654fffff,710,Night
340,89f05aa6037ffff,710,Night
350,89f05aa6547ffff,710,Night
343,89f05aa61d3ffff,710,Night
342,89f05aa6543ffff,710,Night
356,89f05aa61cfffff,710,Night
346,89f05aa61c3ffff,710,Night
351,89f05aa61dbffff,710,Night
352,89f05aa6143ffff,710,Night
353,89f05aa6553ffff,710,Night
354,89f05aa61cbffff,710,Night
355,89f05aa6557ffff,710,Night
347,89f05aa6153ffff,710,Night
348,89f05aa65cfffff,710,Night
344,89f05aa60a7ffff,710,Night
345,89f05aa657bffff,710,Night
1133,89f05aa620bffff,683,Night
1135,89f05aa6677ffff,683,Night
1136,89f05aa621bffff,683,Night
1134,89f05aa6667ffff,683,Night
1132,89f05aa62c7ffff,683,Night
701,89f05aa6683ffff,670,Night
1183,89f05ab45bbffff,670,Night
1182,89f05ab45abffff,670,Night
704,89f05aa6697ffff,670,Night
703,89f05aa6693ffff,670,Night
702,89f05ab592fffff,670,Night
1184,89f05ab6e4bffff,670,Night
910,89f05ab6e63ffff,667,Night
885,89f05aa634bffff,662,Night
886,89f05aa634fffff,662,Night
887,89f05aa637bffff,662,Night
888,89f05aa44b3ffff,662,Night
889,89f05aa45dbffff,662,Night
882,89f05aa44afffff,662,Night
890,89f05aa6353ffff,662,Night
891,89f05aa44a7ffff,662,Night
892,89f05aa4543ffff,662,Night
893,89f05aa4553ffff,662,Night
894,89f05aa45d3ffff,662,Night
883,89f05aa6343ffff,662,Night
884,89f05aa454fffff,662,Night
881,89f05aa44b7ffff,662,Night
880,89f05aa636bffff,662,Night
879,89f05aa45cfffff,662,Night
878,89f05aa45c3ffff,662,Night
877,89f05aa44a3ffff,662,Night
876,89f05aa45cbffff,662,Night
1563,89f05ab6cc7ffff,658,Night
1555,89f05ab6cc3ffff,658,Night
1558,89f05ab6c57ffff,658,Night
1559,89f05ab6c4fffff,658,Night
1560,89f05ab6c7bffff,658,Night
1562,89f05ab6c47ffff,658,Night
1561,89f05ab68d3ffff,658,Night
1557,89f05ab6c6bffff,658,Night
1556,89f05ab6ccfffff,658,Night
1531,89f05ab41a3ffff,657,Night
357,89f05ab4d43ffff,657,Night
358,89f05ab48b7ffff,657,Night
359,89f05ab4d4fffff,657,Night
1102,89f05aa6213ffff,651,Night
1101,89f05aa6203ffff,651,Night
1100,89f05aa628bffff,651,Night
1099,89f05aa629bffff,651,Night
365,89f05aa6273ffff,623,Night
366,89f05aa44d3ffff,623,Night
367,89f05aa6263ffff,623,Night
1324,89f05aa660fffff,607,Night
1325,89f05aa6603ffff,607,Night
1588,89f05aa44d7ffff,607,Night
1589,89f05aa449bffff,607,Night
1590,89f05aa4447ffff,607,Night
1591,89f05aa44c7ffff,607,Night
1327,89f05aa668bffff,607,Night
1326,89f05aa62d7ffff,607,Night
1592,89f05aa626fffff,607,Night
1328,89f05aa666fffff,607,Night
1329,89f05aa6613ffff,607,Night
1593,89f05aa44c3ffff,607,Night
1594,89f05aa441bffff,607,Night
831,89f05ab6e47ffff,604,Night
830,89f05ab6e7bffff,604,Night
957,89f05aa4143ffff,583,Night
952,89f05aa41c3ffff,583,Night
958,89f05aa4153ffff,583,Night
956,89f05aa456bffff,583,Night
955,89f05aa40a7ffff,583,Night
954,89f05aa41cbffff,583,Night
953,89f05aa4147ffff,583,Night
959,89f05aa414fffff,583,Night
960,89f05aa417bffff,583,Night
968,89f05aa4ed3ffff,583,Night
963,89f05aa416bffff,583,Night
962,89f05aa4ec3ffff,583,Night
964,89f05aa43b7ffff,583,Night
965,89f05aa41cfffff,583,Night
966,89f05aa43a7ffff,583,Night
967,89f05aa4edbffff,583,Night
969,89f05aa4157ffff,583,Night
970,89f05aa4ecfffff,583,Night
961,89f05aa41d3ffff,583,Night
971,89f05aa41dbffff,583,Night
1273,89f05aa624fffff,573,Night
1276,89f05aa6253ffff,573,Night
1277,89f05aa44dbffff,573,Night
1278,89f05aa6243ffff,573,Night
1274,89f05aa71a7ffff,573,Night
1275,89f05aa71b7ffff,573,Night
822,89f05aa6ed7ffff,552,Night
823,89f05aa610fffff,552,Night
829,89f05aa6e9bffff,552,Night
828,89f05aa6ec7ffff,552,Night
827,89f05aa6167ffff,552,Night
826,89f05aa6e03ffff,552,Night
819,89f05aa6e13ffff,552,Night
820,89f05aa6103ffff,552,Night
821,89f05aa616fffff,552,Night
824,89f05aa6177ffff,552,Night
825,89f05aa6e8bffff,552,Night
707,89f05ab6a0fffff,548,Night
708,89f05ab6a13ffff,548,Night
706,89f05ab6a03ffff,548,Night
705,89f05ab6a8bffff,548,Night
1386,89f05ab6e13ffff,530,Night
1387,89f05ab6e03ffff,530,Night
1676,89f05aa718bffff,522,Night
785,89f05ab6ed7ffff,522,Night
1682,89f05aa718fffff,522,Night
1681,89f05aa7117ffff,522,Night
1680,89f05aa7103ffff,522,Night
1679,89f05aa7107ffff,522,Night
1678,89f05aa7177ffff,522,Night
1677,89f05aa71bbffff,522,Night
1669,89f05aa752fffff,522,Night
1670,89f05aa7113ffff,522,Night
1671,89f05aa7193ffff,522,Night
1672,89f05aa7197ffff,522,Night
1673,89f05aa7183ffff,522,Night
1674,89f05aa7187ffff,522,Night
1675,89f05aa710fffff,522,Night
634,89f05ab6a73ffff,521,Night
633,89f05ab6a0bffff,521,Night
1118,89f0586b647ffff,492,Night
1128,89f0586b253ffff,492,Night
1131,89f0586b66bffff,492,Night
1129,89f0586b2dbffff,492,Night
1127,89f0586b2cfffff,492,Night
1119,89f0586b2c3ffff,492,Night
1120,89f0586b2cbffff,492,Night
1130,89f0586b67bffff,492,Night
1121,89f0586b27bffff,492,Night
1122,89f0586b257ffff,492,Night
1123,89f0586b24fffff,492,Night
1124,89f0586b247ffff,492,Night
1126,89f0586b243ffff,492,Night
1125,89f0586b2d3ffff,492,Night
518,89f0586927bffff,491,Night
517,89f05aa65b7ffff,491,Night
511,89f0586925bffff,491,Night
516,89f05aa6cdbffff,491,Night
515,89f0586924bffff,491,Night
514,89f05aa61afffff,491,Night
513,89f05aa6523ffff,491,Night
522,89f058696cfffff,491,Night
519,89f05aa6ccbffff,491,Night
520,89f058696c3ffff,491,Night
521,89f05aa61b3ffff,491,Night
523,89f05aa612fffff,491,Night
524,89f05869247ffff,491,Night
525,89f05aa6187ffff,491,Night
526,89f0586964fffff,491,Night
512,89f05aa61a7ffff,491,Night
509,89f05aa65a7ffff,491,Night
497,89f05aa6527ffff,491,Night
502,89f05aa61b7ffff,491,Night
493,89f05aa61bbffff,491,Night
494,89f05aa65bbffff,491,Night
495,89f05aa61a3ffff,491,Night
496,89f05aa6587ffff,491,Night
492,89f05aa65abffff,491,Night
498,89f0586924fffff,491,Night
499,89f05aa6597ffff,491,Night
500,89f05aa65afffff,491,Night
501,89f05aa6197ffff,491,Night
491,89f05aa6533ffff,491,Night
503,89f058692dbffff,491,Night
505,89f05aa6123ffff,491,Night
506,89f05869243ffff,491,Night
507,89f05aa6133ffff,491,Night
508,89f05869253ffff,491,Night
510,89f05aa652fffff,491,Night
504,89f05aa61abffff,491,Night
479,89f05ab6e87ffff,452,Night
478,89f05ab6ebbffff,452,Night
1226,89f05aa438bffff,443,Night
1223,89f05aa442bffff,443,Night
1224,89f05aa4093ffff,443,Night
1225,89f05aa40d7ffff,443,Night
1205,89f05aa430fffff,443,Night
1227,89f05aa446fffff,443,Night
1228,89f05aa4313ffff,443,Night
1204,89f05aa40c3ffff,443,Night
1229,89f05aa400bffff,443,Night
1230,89f05aa40c7ffff,443,Night
1221,89f05aa447bffff,443,Night
1214,89f05aa4013ffff,443,Night
1206,89f05aa408bffff,443,Night
1207,89f05aa4467ffff,443,Night
1208,89f05aa4473ffff,443,Night
1209,89f05aa400fffff,443,Night
1218,89f05aa4063ffff,443,Night
1217,89f05aa4073ffff,443,Night
1216,89f05aa4463ffff,443,Night
1215,89f05aa40d3ffff,443,Night
1220,89f05aa401bffff,443,Night
1213,89f05aa4047ffff,443,Night
1212,89f05aa4303ffff,443,Night
1231,89f05aa406fffff,443,Night
1222,89f05aa446bffff,443,Night
1203,89f05aa4003ffff,443,Night
1219,89f05aa409bffff,443,Night
1210,89f05aa43d7ffff,443,Night
1211,89f05aa4057ffff,443,Night
1138,89f05aa4577ffff,435,Night
1148,89f05aa4167ffff,435,Night
1147,89f05aa418bffff,435,Night
1146,89f05aa453bffff,435,Night
1145,89f05aa4113ffff,435,Night
1144,89f05aa450fffff,435,Night
1143,89f05aa4103ffff,435,Night
1142,89f05aa419bffff,435,Night
1141,89f05aa4177ffff,435,Night
1140,89f05aa4e9bffff,435,Night
1139,89f05aa410fffff,435,Night
1137,89f05aa4567ffff,435,Night
1175,89f05ab4b2fffff,433,Night
1176,89f05ab4b33ffff,433,Night
1177,89f05ab4bb3ffff,433,Night
1178,89f05ab4b23ffff,433,Night
1179,89f05ab4bbbffff,433,Night
1180,89f05ab494bffff,433,Night
1181,89f05ab4babffff,433,Night
1586,89f05aa71b3ffff,429,Night
1584,89f05aa624bffff,429,Night
1585,89f05aa625bffff,429,Night
1587,89f05aa7527ffff,429,Night
1457,89f05aa4ea7ffff,421,Night
1456,89f05aa4853ffff,421,Night
1455,89f05aa48dbffff,421,Night
1454,89f05aa4c47ffff,421,Night
1453,89f05aa4c7bffff,421,Night
1452,89f05aa4c6bffff,421,Night
1451,89f05aa48d3ffff,421,Night
1448,89f05aa4cc7ffff,421,Night
1447,89f05aa4eb7ffff,421,Night
1446,89f05aa48cbffff,421,Night
1450,89f05aa4c57ffff,421,Night
1449,89f05aa4ccfffff,421,Night
324,89f05aa617bffff,416,Night
323,89f05aa656fffff,416,Night
322,89f05aa6573ffff,416,Night
321,89f05aa616bffff,416,Night
320,89f05aa658bffff,416,Night
319,89f05aa6563ffff,416,Night
318,89f05aa6157ffff,416,Night
317,89f05aa6147ffff,416,Night
316,89f05aa650bffff,416,Night
1542,89f05ab4b27ffff,389,Night
1543,89f05ab4bafffff,389,Night
1541,89f05ab4bb7ffff,389,Night
1055,89f058792b7ffff,389,Night
1042,89f058793cfffff,389,Night
1043,89f058792a7ffff,389,Night
1044,89f058792afffff,389,Night
1045,89f0587904fffff,389,Night
1046,89f0587934bffff,389,Night
1047,89f058793dbffff,389,Night
1048,89f0587906bffff,389,Night
1041,89f05879237ffff,389,Night
1539,89f05869643ffff,389,Night
1050,89f058792a3ffff,389,Night
1051,89f058792abffff,389,Night
1052,89f05879353ffff,389,Night
1053,89f05879223ffff,389,Night
1054,89f0587935bffff,389,Night
1540,89f05ab494fffff,389,Night
1049,89f05879233ffff,389,Night
1538,89f05ab4ba7ffff,389,Night
1532,89f05ab4943ffff,389,Night
1040,89f058793c3ffff,389,Night
1039,89f058793d3ffff,389,Night
1038,89f05879227ffff,389,Night
1037,89f05879357ffff,389,Night
1036,89f05ab6c97ffff,389,Night
1537,89f058696dbffff,389,Night
1056,89f058793cbffff,389,Night
1534,89f05ab4b37ffff,389,Night
1533,89f058696cbffff,389,Night
1535,89f05ab4ba3ffff,389,Night
1536,89f05869653ffff,389,Night
1002,89f05aa41d7ffff,387,Night
997,89f05aa410bffff,387,Night
996,89f05aa416fffff,387,Night
1001,89f05aa41c7ffff,387,Night
1000,89f05aa411bffff,387,Night
999,89f05aa4173ffff,387,Night
998,89f05aa4163ffff,387,Night
861,89f05aa460fffff,376,Night
862,89f05aa4633ffff,376,Night
874,89f05aa463bffff,376,Night
864,89f05aa4623ffff,376,Night
865,89f05aa429bffff,376,Night
866,89f05aa4297ffff,376,Night
868,89f05aa462bffff,376,Night
869,89f05aa4683ffff,376,Night
870,89f05aa4607ffff,376,Night
871,89f05aa4667ffff,376,Night
872,89f05aa4617ffff,376,Night
873,89f05aa462fffff,376,Night
863,89f05aa4677ffff,376,Night
867,89f05aa468fffff,376,Night
1081,89f05ab6b9bffff,372,Night
1082,89f05ab6b8bffff,372,Night
1083,89f05ab686fffff,372,Night
1084,89f05ab6bd7ffff,372,Night
1085,89f05ab6863ffff,372,Night
1086,89f05ab6873ffff,372,Night
1232,89f05ab6ea3ffff,353,Night
832,89f05ab4c8fffff,341,Night
833,89f05ab4c17ffff,341,Night
834,89f05ab4c83ffff,341,Night
1544,89f05ab6e8bffff,337,Night
1606,89f05ab5b93ffff,319,Night
1604,89f05ab582fffff,319,Night
1607,89f05ab5867ffff,319,Night
1605,89f05ab5b17ffff,319,Night
1608,89f05ab5b8bffff,319,Night
1603,89f05ab582bffff,319,Night
1602,89f05ab5833ffff,319,Night
1601,89f05ab5b83ffff,319,Night
1600,89f05ab5b9bffff,319,Night
1595,89f05ab5b13ffff,319,Night
1596,89f05ab5b07ffff,319,Night
1599,89f05ab5b03ffff,319,Night
1598,89f05ab5823ffff,319,Night
1597,89f05ab5b8fffff,319,Night
1354,89f05ab6e3bffff,310,Night
1357,89f05ab6e07ffff,310,Night
1356,89f05ab6e2bffff,310,Night
1355,89f05ab6e17ffff,310,Night
1091,89f0586b2d7ffff,306,Night
1092,89f0586b21bffff,306,Night
1094,89f0586b663ffff,306,Night
1096,89f0586b673ffff,306,Night
1095,89f0586b20bffff,306,Night
1093,89f0586b66fffff,306,Night
1098,89f0586b2c7ffff,306,Night
1097,89f0586b61bffff,306,Night
1704,89f05ab594bffff,298,Night
1703,89f05ab595bffff,298,Night
1717,89f05aa71abffff,292,Night
1714,89f05aa46b3ffff,292,Night
1715,89f05aa7123ffff,292,Night
1716,89f05aa7133ffff,292,Night
1720,89f05aa444bffff,292,Night
1722,89f05aa445bffff,292,Night
1721,89f05aa7137ffff,292,Night
1718,89f05aa712fffff,292,Night
1719,89f05aa71a3ffff,292,Night
1712,89f05aa71afffff,292,Night
1713,89f05aa7127ffff,292,Night
1168,89f05ab6b1bffff,290,Night
1169,89f05ab6b0bffff,290,Night
1170,89f05ab6bcfffff,290,Night
1171,89f05ab6b47ffff,290,Night
1172,89f05ab6b57ffff,290,Night
1173,89f05ab6bc7ffff,290,Night
1174,89f05ab6bc3ffff,290,Night
993,89f05aa402fffff,281,Night
988,89f05aa415bffff,281,Night
989,89f05aa4023ffff,281,Night
987,89f05aa4033ffff,281,Night
992,89f05aa4333ffff,281,Night
986,89f05aa4387ffff,281,Night
985,89f05aa4397ffff,281,Night
984,89f05aa414bffff,281,Night
983,89f05aa4027ffff,281,Night
982,89f05aa40b3ffff,281,Night
981,89f05aa40a3ffff,281,Night
980,89f05aa4323ffff,281,Night
979,89f05aa43abffff,281,Night
990,89f05aa454bffff,281,Night
991,89f05aa4037ffff,281,Night
978,89f05aa40abffff,281,Night
977,89f05aa40bbffff,281,Night
976,89f05aa40afffff,281,Night
975,89f05aa455bffff,281,Night
974,89f05aa43bbffff,281,Night
973,89f05aa4437ffff,281,Night
972,89f05aa43b3ffff,281,Night
994,89f05aa4427ffff,281,Night
783,89f05ab6123ffff,272,Night
784,89f05ab612bffff,272,Night
1653,89f05aa4c0fffff,263,Night
1089,89f05ab6b13ffff,263,Night
1651,89f05aa4c77ffff,263,Night
1650,89f05aa48c3ffff,263,Night
1087,89f05ab6b8fffff,263,Night
1088,89f05ab6b83ffff,263,Night
1647,89f05aa4c03ffff,263,Night
1090,89f05ab6b93ffff,263,Night
1649,89f05aa4c63ffff,263,Night
1648,89f05aa48cfffff,263,Night
1645,89f05aa4c6fffff,263,Night
1646,89f05aa48d7ffff,263,Night
1652,89f05aa4c67ffff,263,Night
1654,89f05aa48c7ffff,263,Night
1656,89f05aa4c0bffff,263,Night
1657,89f05aa4c1bffff,263,Night
1655,89f05aa4c73ffff,263,Night
600,89f05ab6a57ffff,252,Night
1116,89f05ab4983ffff,249,Night
1108,89f05ab4dabffff,249,Night
1117,89f05ab49bbffff,249,Night
1113,89f05ab4907ffff,249,Night
1112,89f05ab4913ffff,249,Night
1111,89f05ab4903ffff,249,Night
1110,89f05ab4993ffff,249,Night
1109,89f05ab498fffff,249,Night
1107,89f05ab4917ffff,249,Night
1114,89f05ab4d07ffff,249,Night
1106,89f05ab490fffff,249,Night
1105,89f05ab4d33ffff,249,Night
1104,89f05ab493bffff,249,Night
1103,89f05ab4d2bffff,249,Night
1115,89f05ab4d3bffff,249,Night
1583,89f05ab6a2bffff,248,Night
948,89f05aa711bffff,242,Night
947,89f05aa716fffff,242,Night
943,89f05aa7163ffff,242,Night
944,89f05aa750fffff,242,Night
946,89f05aa710bffff,242,Night
945,89f05aa7173ffff,242,Night
950,89f05aa469bffff,242,Night
951,89f05aa7167ffff,242,Night
949,89f05aa46d7ffff,242,Night
694,89f05ab4d13ffff,234,Night
693,89f05ab4d9bffff,234,Night
692,89f05ab4dc7ffff,234,Night
691,89f05ab4d1bffff,234,Night
690,89f05ab4d8bffff,234,Night
1340,89f05ab491bffff,233,Night
1342,89f05ab4957ffff,233,Night
1341,89f05ab490bffff,233,Night
1338,89f05ab496bffff,233,Night
1339,89f05ab49c3ffff,233,Night
1333,89f05ab49c7ffff,233,Night
1334,89f05ab49cbffff,233,Night
1335,89f05ab49cfffff,233,Night
1336,89f05ab4953ffff,233,Night
1337,89f05ab497bffff,233,Night
1332,89f05ab4947ffff,233,Night
931,89f05aa712bffff,232,Night
933,89f05aa4697ffff,232,Night
930,89f05aa46bbffff,232,Night
929,89f05aa46abffff,232,Night
928,89f05aa468bffff,232,Night
927,89f05aa4687ffff,232,Night
926,89f05aa4693ffff,232,Night
925,89f05aa4613ffff,232,Night
924,89f05aa713bffff,232,Night
932,89f05aa4603ffff,232,Night
1189,89f05ab49d7ffff,230,Night
1186,89f05ab4d63ffff,230,Night
1187,89f05ab4d67ffff,230,Night
1188,89f05ab4d77ffff,230,Night
1194,89f05ab4d03ffff,230,Night
1190,89f05ab498bffff,230,Night
1191,89f05ab4d0bffff,230,Night
1192,89f05ab4d6fffff,230,Night
1193,89f05ab4d0fffff,230,Night
1185,89f05ab49d3ffff,230,Night
1196,89f05ab499bffff,230,Night
1195,89f05ab4d73ffff,230,Night
1240,89f05aa619bffff,229,Night
1233,89f05aa6193ffff,229,Night
1244,89f05aa6113ffff,229,Night
1243,89f05aa6183ffff,229,Night
1239,89f05aa6507ffff,229,Night
1242,89f05aa618bffff,229,Night
1234,89f05aa6107ffff,229,Night
1235,89f05aa652bffff,229,Night
1236,89f05aa653bffff,229,Night
1237,89f05aa618fffff,229,Night
1238,89f05aa6117ffff,229,Night
1241,89f05aa613bffff,229,Night
854,89f05ab6c33ffff,224,Night
855,89f05ab6c3bffff,224,Night
857,89f05ab6883ffff,224,Night
858,89f05ab6c2bffff,224,Night
859,89f05ab6cabffff,224,Night
860,89f05ab688fffff,224,Night
856,89f05ab6893ffff,224,Night
1408,89f05ab4973ffff,221,Night
1388,89f058692c7ffff,221,Night
1390,89f05ab4967ffff,221,Night
1391,89f058696c7ffff,221,Night
1392,89f05869647ffff,221,Night
1393,89f05ab4977ffff,221,Night
1394,89f0586966bffff,221,Night
1395,89f0586969bffff,221,Night
1396,89f058696d3ffff,221,Night
1397,89f05ab496fffff,221,Night
1398,89f05869677ffff,221,Night
1399,89f058696d7ffff,221,Night
1401,89f05869673ffff,221,Night
1402,89f058692d7ffff,221,Night
1403,89f0586961bffff,221,Night
1404,89f0586967bffff,221,Night
1405,89f05869663ffff,221,Night
1406,89f0586960bffff,221,Night
1407,89f05869613ffff,221,Night
1409,89f05869603ffff,221,Night
1410,89f05ab4963ffff,221,Night
1411,89f05869667ffff,221,Night
1412,89f05869657ffff,221,Night
1413,89f058692d3ffff,221,Night
1414,89f0586960fffff,221,Night
1389,89f0586968bffff,221,Night
1400,89f0586966fffff,221,Night
709,89f05ab6e97ffff,214,Night
1372,89f05aa4a4fffff,213,Night
1362,89f05aa5da7ffff,213,Night
1361,89f05aa4acbffff,213,Night
1426,89f05ab698bffff,213,Night
1359,89f05aa4e53ffff,213,Night
1358,89f05aa4ad7ffff,213,Night
1429,89f05ab6d3bffff,213,Night
1428,89f05ab6903ffff,213,Night
1427,89f0586b68bffff,213,Night
1373,89f05aa4acfffff,213,Night
1415,89f05ab6d2bffff,213,Night
1364,89f05aa4a47ffff,213,Night
1416,89f05ab699bffff,213,Night
1417,89f05ab6967ffff,213,Night
1418,89f05ab6d07ffff,213,Night
1419,89f05ab6977ffff,213,Night
1420,89f05ab6993ffff,213,Night
1421,89f05ab6913ffff,213,Night
1422,89f05ab690fffff,213,Night
1423,89f05ab6d83ffff,213,Night
1424,89f05ab6d17ffff,213,Night
1363,89f05aa5db3ffff,213,Night
1360,89f05aa4a53ffff,213,Night
1365,89f05aa5d37ffff,213,Night
1371,89f05aa4e6bffff,213,Night
1374,89f05aa4a7bffff,213,Night
1375,89f05aa4e4fffff,213,Night
1376,89f05aa4a4bffff,213,Night
1377,89f05aa5d27ffff,213,Night
1378,89f05aa4ac3ffff,213,Night
1379,89f05aa4ad3ffff,213,Night
1380,89f05aa4a5bffff,213,Night
1381,89f05aa4adbffff,213,Night
1382,89f05aa5da3ffff,213,Night
1383,89f05aa5db7ffff,213,Night
1366,89f05aa4a57ffff,213,Night
1425,89f05ab6d8fffff,213,Night
1370,89f05aa4e7bffff,213,Night
1369,89f05aa5dafffff,213,Night
1368,89f05aa4e43ffff,213,Night
1367,89f05aa4a43ffff,213,Night
1609,89f05ab4127ffff,202,Night
1610,89f05ab4e87ffff,202,Night
1068,89f05aa4b5bffff,199,Night
1079,89f05aa4b57ffff,199,Night
1071,89f05aa4843ffff,199,Night
1078,89f05aa4bdbffff,199,Night
1077,89f05aa4ab3ffff,199,Night
1076,89f05aa4b53ffff,199,Night
1075,89f05aa4a37ffff,199,Night
1074,89f05aa4bcfffff,199,Night
1073,89f05aa484fffff,199,Night
1072,89f05aa4857ffff,199,Night
1057,89f05aa4b4fffff,199,Night
1058,89f05aa4bcbffff,199,Night
1059,89f05aa4a27ffff,199,Night
1080,89f05aa487bffff,199,Night
1069,89f05aa4847ffff,199,Night
1066,89f05aa486bffff,199,Night
1065,89f05aa4aa7ffff,199,Night
1064,89f05aa4b43ffff,199,Night
1063,89f05aa4b4bffff,199,Night
1062,89f05aa4ab7ffff,199,Night
1067,89f05aa484bffff,199,Night
1070,89f05aa4aa3ffff,199,Night
1060,89f05aa4bd3ffff,199,Night
1061,89f05aa4bc3ffff,199,Night
875,89f05ab612fffff,193,Night
1844,89f05aa4eabffff,191,Night
1840,89f05aa4e2bffff,191,Night
1837,89f05aa4a2bffff,191,Night
1838,89f05bda493ffff,191,Night
1839,89f05aa4e2fffff,191,Night
1841,89f05aa4a8fffff,191,Night
1845,89f05aa4a93ffff,191,Night
1842,89f05aa4e3bffff,191,Night
1850,89f05aa4e33ffff,191,Night
1849,89f05aa4a97ffff,191,Night
1848,89f05aa4a17ffff,191,Night
1843,89f05aa4a07ffff,191,Night
1846,89f05aa4a3bffff,191,Night
1847,89f05aa4e23ffff,191,Night
1633,89f05aa75a7ffff,181,Night
1760,89f05ab5d03ffff,181,Night
1622,89f05aa62dbffff,181,Night
1623,89f05aa75afffff,181,Night
1624,89f05aa62cbffff,181,Night
1625,89f05aa666bffff,181,Night
1626,89f05aa62c3ffff,181,Night
1627,89f05aa7537ffff,181,Night
1628,89f05aa7523ffff,181,Night
1629,89f05aa75a3ffff,181,Night
1630,89f05aa667bffff,181,Night
1631,89f05aa62d3ffff,181,Night
1632,89f05aa75b7ffff,181,Night
1490,89f05aa6537ffff,160,Night
1493,89f0586964bffff,160,Night
1492,89f05aa65a3ffff,160,Night
1491,89f0586965bffff,160,Night
1489,89f05aa65b3ffff,160,Night
1921,89f05aa6a5bffff,158,Night
1919,89f05aa45abffff,158,Night
1922,89f05aa4583ffff,158,Night
1923,89f05aa458fffff,158,Night
1924,89f05aa4593ffff,158,Night
1925,89f05aa4537ffff,158,Night
1929,89f05aa6377ffff,158,Night
1910,89f05aa45bbffff,158,Night
1911,89f05aa4587ffff,158,Night
1912,89f05aa632bffff,158,Night
1913,89f05aa4597ffff,158,Night
1914,89f05aa633bffff,158,Night
1909,89f05aa4513ffff,158,Night
1926,89f05aa4527ffff,158,Night
1920,89f05aa4503ffff,158,Night
1928,89f05aa630fffff,158,Night
1915,89f05aa45a3ffff,158,Night
1916,89f05aa458bffff,158,Night
1917,89f05aa459bffff,158,Night
1918,89f05aa45afffff,158,Night
1927,89f05aa6367ffff,158,Night
1893,89f05ab6b97ffff,157,Night
1882,89f05ab6823ffff,157,Night
1897,89f05ab682fffff,157,Night
1896,89f05ab6833ffff,157,Night
1895,89f05ab6837ffff,157,Night
1898,89f05ab6817ffff,157,Night
1884,89f05ab6887ffff,157,Night
1888,89f05ab695bffff,157,Night
1894,89f05ab6c2fffff,157,Night
1889,89f05ab68bbffff,157,Night
1885,89f05ab683bffff,157,Night
1886,89f05ab68abffff,157,Night
1887,89f05ab6807ffff,157,Night
1890,89f05ab6c23ffff,157,Night
1891,89f05ab682bffff,157,Night
1883,89f05ab6827ffff,157,Night
1892,89f05ab6897ffff,157,Night
2015,89f0586b6d7ffff,143,Morning
2016,89f0586b69bffff,143,Morning
2017,89f0586b6c7ffff,143,Morning
2018,89f0586b60bffff,143,Morning
1510,89f05bda467ffff,139,Night
1502,89f05bda4abffff,139,Night
1497,89f05bda09bffff,139,Night
1511,89f05bda097ffff,139,Night
1494,89f05bda413ffff,139,Night
1498,89f05bda4bbffff,139,Night
1499,89f05bda42bffff,139,Night
1500,89f05bda48bffff,139,Night
1501,89f05bda423ffff,139,Night
1495,89f05bda083ffff,139,Night
1496,89f05bda43bffff,139,Night
1503,89f05bda42fffff,139,Night
1517,89f05bda48fffff,139,Night
1512,89f05bda433ffff,139,Night
1513,89f05bda093ffff,139,Night
1514,89f05bda40fffff,139,Night
1515,89f05bda477ffff,139,Night
1504,89f05bda483ffff,139,Night
1516,89f05bda487ffff,139,Night
1509,89f05bda4b3ffff,139,Night
1508,89f05bda417ffff,139,Night
1507,89f05bda087ffff,139,Night
1506,89f05bda407ffff,139,Night
1505,89f05bda403ffff,139,Night
907,89f05aa40cbffff,126,Night
906,89f05aa40dbffff,126,Night
905,89f05aa46a7ffff,126,Night
1484,89f05ab68b3ffff,125,Night
1478,89f05ab6d4bffff,125,Night
1483,89f05ab6d6bffff,125,Night
1482,89f05ab6d7bffff,125,Night
1481,89f05ab69dbffff,125,Night
1480,89f05ab68afffff,125,Night
1479,89f05ab68b7ffff,125,Night
1486,89f05ab6d47ffff,125,Night
1477,89f05ab6d53ffff,125,Night
1476,89f05ab6dcbffff,125,Night
1475,89f05ab6d57ffff,125,Night
1485,89f05ab68a7ffff,125,Night
1473,89f05ab6d43ffff,125,Night
1487,89f05ab6d0bffff,125,Night
1474,89f05ab6d4fffff,125,Night
1488,89f05ab68a3ffff,125,Night
903,89f05ab4d97ffff,121,Night
902,89f0586b64bffff,121,Night
901,89f05ab6b23ffff,121,Night
900,89f05ab4dbbffff,121,Night
899,89f05ab6babffff,121,Night
898,89f05ab6b2fffff,121,Night
897,89f05ab4d87ffff,121,Night
896,89f0586b65bffff,121,Night
895,89f05ab6b27ffff,121,Night
904,89f05ab6b33ffff,121,Night
1553,89f0586b657ffff,121,Night
1551,89f05ab6bb7ffff,121,Night
1554,89f05ab6ba7ffff,121,Night
1547,89f0586b6c3ffff,121,Night
1548,89f0586b6d3ffff,121,Night
1549,89f0586b6dbffff,121,Night
1550,89f0586b6cbffff,121,Night
1546,89f05ab696bffff,121,Night
1552,89f0586b653ffff,121,Night
1545,89f0586b6cfffff,121,Night
1691,89f05aa753bffff,120,Night
1684,89f05aa758fffff,120,Night
1685,89f05aa7513ffff,120,Night
1686,89f05aa752bffff,120,Night
1687,89f05aa7567ffff,120,Night
1688,89f05ab5b3bffff,120,Night
1692,89f05aa7517ffff,120,Night
1699,89f05aa7503ffff,120,Night
1701,89f05aa7583ffff,120,Night
1702,89f05aa719bffff,120,Night
1690,89f05aa759bffff,120,Night
1698,89f05ab5b0fffff,120,Night
1689,89f05ab5b2bffff,120,Night
1696,89f05aa758bffff,120,Night
1697,89f05aa7577ffff,120,Night
1700,89f05aa7507ffff,120,Night
1695,89f05ab5b67ffff,120,Night
1694,89f05ab5b77ffff,120,Night
1693,89f05aa7593ffff,120,Night
1611,89f05aa481bffff,119,Night
1612,89f05aa4bc7ffff,119,Night
1613,89f05aa4bd7ffff,119,Night
1637,89f05aa4e63ffff,119,Night
1615,89f05aa4b1bffff,119,Night
1616,89f05aa486fffff,119,Night
1617,89f05aa4873ffff,119,Night
1618,89f05aa4863ffff,119,Night
1619,89f05aa488bffff,119,Night
1620,89f05aa489bffff,119,Night
1621,89f05aa4813ffff,119,Night
1614,89f05aa480bffff,119,Night
1635,89f05aa4e57ffff,119,Night
1638,89f05aa4e0bffff,119,Night
1636,89f05aa4e73ffff,119,Night
1644,89f05aa4ecbffff,119,Night
1643,89f05aa4e47ffff,119,Night
1642,89f05aa4e1bffff,119,Night
1641,89f05aa4e6fffff,119,Night
1640,89f05aa4e8bffff,119,Night
1634,89f05aa4ed7ffff,119,Night
1639,89f05aa4ec7ffff,119,Night
1469,89f05aa4e13ffff,111,Night
1470,89f05aa4a0bffff,111,Night
1472,89f05aa4e07ffff,111,Night
1471,89f05aa4e17ffff,111,Night
1466,89f05aa4a8bffff,111,Night
1468,89f05aa4a9bffff,111,Night
1467,89f05aa4a03ffff,111,Night
1465,89f05aa4a83ffff,111,Night
1464,89f05aa4e77ffff,111,Night
1463,89f05aa4ac7ffff,111,Night
1461,89f05aa4a1bffff,111,Night
1460,89f05aa4e0fffff,111,Night
1459,89f05aa4e03ffff,111,Night
1458,89f05aa4e67ffff,111,Night
1462,89f05aa4a13ffff,111,Night
1345,89f05ab69cbffff,98,Night
1344,89f05ab6943ffff,98,Night
1352,89f05ab69d3ffff,98,Night
1343,89f05ab6947ffff,98,Night
1346,89f05ab69cfffff,98,Night
1348,89f05ab6d73ffff,98,Night
1347,89f05ab6d63ffff,98,Night
1350,89f05ab6957ffff,98,Night
1351,89f05ab6953ffff,98,Night
1349,89f05ab694fffff,98,Night
1353,89f05ab69c3ffff,98,Night
1867,89f05aa6e8fffff,92,Night
1866,89f05aa6e83ffff,92,Night
1253,89f05869687ffff,92,Night
1865,89f05aa6e07ffff,92,Night
1245,89f058696bbffff,92,Night
1246,89f05ab4933ffff,92,Night
1247,89f05869623ffff,92,Night
1248,89f05ab49abffff,92,Night
1864,89f05aa612bffff,92,Night
1863,89f05aa6e2bffff,92,Night
1249,89f05869693ffff,92,Night
1250,89f05869607ffff,92,Night
1862,89f05aa6e17ffff,92,Night
1252,89f05ab492fffff,92,Night
1251,89f05ab4997ffff,92,Night
1254,89f05ab492bffff,92,Night
1261,89f05869633ffff,92,Night
1255,89f05ab4987ffff,92,Night
1859,89f05aa6e3bffff,92,Night
1860,89f05aa6e0fffff,92,Night
1861,89f05aa6e93ffff,92,Night
1262,89f05ab4d2fffff,92,Night
1263,89f05869697ffff,92,Night
1260,89f05ab4923ffff,92,Night
1259,89f05869617ffff,92,Night
1258,89f05869683ffff,92,Night
1257,89f05ab4d23ffff,92,Night
1256,89f0586968fffff,92,Night
1906,89f05aa4b0fffff,83,Night
1901,89f05aa4877ffff,83,Night
1902,89f05aa4b9bffff,83,Night
1903,89f05aa480fffff,83,Night
1904,89f05aa4b03ffff,83,Night
1905,89f05aa4b77ffff,83,Night
1899,89f05aa4b8bffff,83,Night
1907,89f05aa4867ffff,83,Night
1908,89f05aa4b13ffff,83,Night
1900,89f05aa4803ffff,83,Night
674,89f05bda49bffff,82,Night
673,89f05bda40bffff,82,Night
672,89f05aa4a0fffff,82,Night
671,89f05aa4a67ffff,82,Night
684,89f05aa4a6fffff,82,Night
678,89f05aa4a77ffff,82,Night
681,89f05bda4d3ffff,82,Night
687,89f05bda4c3ffff,82,Night
686,89f05bda41bffff,82,Night
685,89f05aa4a73ffff,82,Night
683,89f05bda4d7ffff,82,Night
675,89f05bda4dbffff,82,Night
676,89f05bda4cfffff,82,Night
677,89f05bda4c7ffff,82,Night
682,89f05aa4a63ffff,82,Night
679,89f05aa59b7ffff,82,Night
680,89f05aa4a6bffff,82,Night
1530,89f05ab6ca3ffff,81,Night
1528,89f0587934fffff,81,Night
1527,89f05ab6c27ffff,81,Night
1522,89f05ab6d5bffff,81,Night
1521,89f05ab6c37ffff,81,Night
1526,89f05ab6ddbffff,81,Night
1525,89f05879347ffff,81,Night
1524,89f05ab6cafffff,81,Night
1523,89f05ab6ca7ffff,81,Night
1518,89f05ab6cb7ffff,81,Night
1519,89f05879343ffff,81,Night
1520,89f05ab6cb3ffff,81,Night
1529,89f0587937bffff,81,Night
0,89f05bda497ffff,79,Night
1,89f05aa4aafffff,79,Night
6,89f05aa4a23ffff,79,Night
3,89f05aa4a33ffff,79,Night
4,89f05aa4a2fffff,79,Night
5,89f05aa4aabffff,79,Night
2,89f05aa4abbffff,79,Night
1758,89f05aa43a3ffff,78,Night
1745,89f05aa4e4bffff,78,Night
1759,89f05aa5d87ffff,78,Night
1757,89f05aa4327ffff,78,Night
1756,89f05aa5d07ffff,78,Night
1754,89f05aa432fffff,78,Night
1753,89f05aa5dbbffff,78,Night
1752,89f05aa4e5bffff,78,Night
1751,89f05aa5d33ffff,78,Night
1750,89f05aa43afffff,78,Night
1749,89f05aa5d23ffff,78,Night
1748,89f05aa5d97ffff,78,Night
1747,89f05aa4337ffff,78,Night
1746,89f05aa5d17ffff,78,Night
1755,89f05aa5dabffff,78,Night
2027,89f05ab697bffff,71,Morning
2026,89f05ab696fffff,71,Morning
2025,89f05ab6973ffff,71,Morning
2024,89f05ab690bffff,71,Morning
2023,89f05ab6963ffff,71,Morning
2022,89f05ab691bffff,71,Morning
2021,89f05ab6d6fffff,71,Morning
2020,89f05ab69c7ffff,71,Morning
2019,89f05ab6d0fffff,71,Morning
2028,89f05ab69d7ffff,71,Morning
1851,89f05ab4da7ffff,68,Night
1853,89f0586b64fffff,68,Night
1856,89f05ab4dafffff,68,Night
1855,89f05ab4db7ffff,68,Night
1854,89f05ab4da3ffff,68,Night
1857,89f0586b643ffff,68,Night
1852,89f05ab4d37ffff,68,Night
1858,89f05ab4db3ffff,68,Night
1999,89f0584522fffff,64,Morning
1998,89f0584ec0fffff,64,Morning
1994,89f0584ec77ffff,64,Morning
1996,89f0584ec97ffff,64,Morning
1977,89f0584ec83ffff,64,Morning
1976,89f0584ecc7ffff,64,Morning
1975,89f0584ec6fffff,64,Morning
1997,89f05845267ffff,64,Morning
1978,89f0584ec17ffff,64,Morning
1995,89f0584522bffff,64,Morning
1985,89f05845223ffff,64,Morning
1993,89f0584ec13ffff,64,Morning
1992,89f0584ec93ffff,64,Morning
1991,89f05845233ffff,64,Morning
1981,89f0584ec03ffff,64,Morning
1990,89f0584ec8fffff,64,Morning
1989,89f0584ec8bffff,64,Morning
1988,89f0584ec63ffff,64,Morning
1987,89f0584ec73ffff,64,Morning
1986,89f0584ec87ffff,64,Morning
1979,89f0584523bffff,64,Morning
1984,89f0584ec07ffff,64,Morning
1980,89f0584ec0bffff,64,Morning
1982,89f0584ec9bffff,64,Morning
1983,89f0584ec1bffff,64,Morning
758,89f05aa6403ffff,63,Night
759,89f05aa640fffff,63,Night
1574,89f05aa6577ffff,62,Night
1580,89f05aa650fffff,62,Night
1579,89f05aa6163ffff,62,Night
1578,89f05aa61d7ffff,62,Night
1576,89f05aa6173ffff,62,Night
1575,89f05aa6ed3ffff,62,Night
1573,89f05aa6e57ffff,62,Night
1572,89f05aa658fffff,62,Night
1571,89f05aa6503ffff,62,Night
1570,89f05aa610bffff,62,Night
1569,89f05aa6e47ffff,62,Night
1568,89f05aa61c7ffff,62,Night
1564,89f05aa6ecfffff,62,Night
1565,89f05aa611bffff,62,Night
1566,89f05aa6583ffff,62,Night
1567,89f05aa6567ffff,62,Night
1577,89f05aa6ec3ffff,62,Night
1581,89f05aa6513ffff,62,Night
1582,89f05aa6517ffff,62,Night
1015,89f05aa6e87ffff,51,Night
1003,89f05aa6137ffff,51,Night
1021,89f05aa6e97ffff,51,Night
1020,89f05aa6ab3ffff,51,Night
1004,89f05aa6c5bffff,51,Night
1019,89f05aa6c4fffff,51,Night
1018,89f05aa6a97ffff,51,Night
1017,89f05aa685bffff,51,Night
1016,89f05aa6eb3ffff,51,Night
1005,89f05aa6e33ffff,51,Night
1014,89f05aa6ebbffff,51,Night
1012,89f05aa6eafffff,51,Night
1011,89f05aa6c4bffff,51,Night
1010,89f05aa6e37ffff,51,Night
1009,89f05aa6eb7ffff,51,Night
1008,89f05aa6127ffff,51,Night
1007,89f05aa6e2fffff,51,Night
1013,89f05aa6ea3ffff,51,Night
1006,89f05aa6eabffff,51,Night
1437,89f05bda07bffff,47,Night
1443,89f05bda2b3ffff,47,Night
1442,89f05bda053ffff,47,Night
1441,89f05bda3dbffff,47,Night
1440,89f05bda04fffff,47,Night
1438,89f05bda3cfffff,47,Night
1433,89f05bda3d3ffff,47,Night
1436,89f05bda353ffff,47,Night
1435,89f05bda0cbffff,47,Night
1434,89f05bda3cbffff,47,Night
1432,89f05bda2a3ffff,47,Night
1431,89f05bda3c3ffff,47,Night
1430,89f05bda2b7ffff,47,Night
1444,89f05bda043ffff,47,Night
1439,89f05bda06bffff,47,Night
1445,89f05bda2a7ffff,47,Night
724,89f05ab4a47ffff,47,Night
730,89f05ab4a53ffff,47,Night
729,89f05ab4e6fffff,47,Night
728,89f05ab4acfffff,47,Night
727,89f05ab4ad7ffff,47,Night
726,89f05ab4a57ffff,47,Night
725,89f05ab4ac7ffff,47,Night
1164,89f05bda5d7ffff,44,Night
1870,89f05ab6bb3ffff,44,Night
1869,89f05ab6bbbffff,44,Night
1868,89f05ab694bffff,44,Night
1873,89f05ab6ba3ffff,44,Night
1872,89f05ab6b37ffff,44,Night
1166,89f05aa4b63ffff,44,Night
1165,89f05aa4b6bffff,44,Night
1167,89f05bda553ffff,44,Night
1163,89f05bda543ffff,44,Night
1156,89f05bda5cbffff,44,Night
1151,89f05aa4b7bffff,44,Night
1152,89f05bda4b7ffff,44,Night
1153,89f05bda5cfffff,44,Night
1154,89f05aa4b73ffff,44,Night
1162,89f05bda5dbffff,44,Night
1155,89f05bda5c3ffff,44,Night
1871,89f05ab6bafffff,44,Night
1157,89f05aa4b6fffff,44,Night
1158,89f05bda4a7ffff,44,Night
1159,89f05aa4b47ffff,44,Night
1160,89f05aa4b0bffff,44,Night
1161,89f05bda5d3ffff,44,Night
2001,89f05bda0c7ffff,43,Morning
2004,89f05bda057ffff,43,Morning
2005,89f05bda01bffff,43,Morning
2006,89f05bda063ffff,43,Morning
2007,89f05bda06fffff,43,Morning
2008,89f05bda00bffff,43,Morning
2000,89f05bda46fffff,43,Morning
2003,89f05bda0d3ffff,43,Morning
2002,89f05bda473ffff,43,Morning
2014,89f05bda047ffff,43,Morning
2013,89f05bda463ffff,43,Morning
2012,89f05bda0d7ffff,43,Morning
2011,89f05bda0cfffff,43,Morning
2010,89f05bda0c3ffff,43,Morning
2009,89f05bda073ffff,43,Morning
1835,89f058692c3ffff,42,Night
1836,89f058692cfffff,42,Night
1833,89f05869257ffff,42,Night
1834,89f058692cbffff,42,Night
1792,89f05bda6bbffff,38,Night
1782,89f05bda44fffff,38,Night
1765,89f05bda45bffff,38,Night
1768,89f05bda447ffff,38,Night
1791,89f05aa59afffff,38,Night
1790,89f05bda697ffff,38,Night
1789,89f05aa59a7ffff,38,Night
1767,89f05bda627ffff,38,Night
1793,89f05bda04bffff,38,Night
1787,89f05bda457ffff,38,Night
1786,89f05bda6afffff,38,Night
1785,89f05bda443ffff,38,Night
1769,89f05bda6a7ffff,38,Night
1783,89f05bda453ffff,38,Night
1788,89f05bda44bffff,38,Night
1781,89f05aa5933ffff,38,Night
1773,89f05bda6a3ffff,38,Night
1780,89f05bda46bffff,38,Night
1794,89f05aa5927ffff,38,Night
1766,89f05bda05bffff,38,Night
1770,89f05bda6b3ffff,38,Night
1771,89f05aa592fffff,38,Night
1772,89f05bda6b7ffff,38,Night
1784,89f05bda637ffff,38,Night
1774,89f05bda687ffff,38,Night
1776,89f05aa5937ffff,38,Night
1777,89f05bda47bffff,38,Night
1778,89f05bda4cbffff,38,Night
1779,89f05bda0dbffff,38,Night
1775,89f05aa5923ffff,38,Night
2037,89f0584c9a3ffff,37,Morning
1683,89f05ab4a0bffff,37,Night
2041,89f0587b643ffff,37,Morning
2040,89f0587b6d3ffff,37,Morning
2039,89f0587b24bffff,37,Morning
2038,89f0587b653ffff,37,Morning
2034,89f0584e96bffff,37,Morning
2036,89f0584c9b3ffff,37,Morning
2035,89f0587b25bffff,37,Morning
2033,89f0584cdb7ffff,37,Morning
2032,89f0584c9afffff,37,Morning
2031,89f0587b6c3ffff,37,Morning
2030,89f0587b64fffff,37,Morning
2029,89f0584c937ffff,37,Morning
1797,89f05ab6dcfffff,37,Night
1798,89f05ab6dc3ffff,37,Night
1795,89f0587936bffff,37,Night
1796,89f05ab6dd3ffff,37,Night
2184,89f05aa4207ffff,29,Noon
2178,89f05aa5c8fffff,29,Noon
2179,89f05aa4203ffff,29,Noon
2180,89f05aa5c93ffff,29,Noon
2181,89f05aa405bffff,29,Noon
2182,89f05aa4287ffff,29,Noon
2183,89f05aa5c13ffff,29,Noon
2186,89f05aa428fffff,29,Noon
2185,89f05aa4223ffff,29,Noon
2176,89f05aa420fffff,29,Noon
2187,89f05aa4637ffff,29,Noon
2188,89f05aa4283ffff,29,Noon
2189,89f05aa4627ffff,29,Noon
2190,89f05aa404bffff,29,Noon
2191,89f05aa5c03ffff,29,Noon
2177,89f05aa428bffff,29,Noon
2175,89f05aa5c9bffff,29,Noon
2170,89f05aa5c87ffff,29,Noon
2173,89f05aa5c97ffff,29,Noon
2172,89f05aa4277ffff,29,Noon
2171,89f05aa5c83ffff,29,Noon
2174,89f05aa423bffff,29,Noon
2169,89f05aa4293ffff,29,Noon
2168,89f05aa4213ffff,29,Noon
2167,89f05aa4267ffff,29,Noon
2166,89f05aa46afffff,29,Noon
2165,89f05aa4217ffff,29,Noon
2164,89f05aa422fffff,29,Noon
1761,89f05aa4053ffff,27,Night
1762,89f05aa4043ffff,27,Night
1763,89f05aa404fffff,27,Night
1764,89f05aa40cfffff,27,Night
1970,89f05bd168bffff,24,Night
1968,89f05aa496fffff,24,Night
1971,89f05aa491bffff,24,Night
1969,89f05bd161bffff,24,Night
1960,89f05bd1657ffff,24,Night
1967,89f05aa4977ffff,24,Night
1962,89f05aa4973ffff,24,Night
1956,89f05bd16d7ffff,24,Night
1957,89f05bd16c7ffff,24,Night
1958,89f05aa490bffff,24,Night
1959,89f05bd16cfffff,24,Night
1961,89f05bd169bffff,24,Night
1966,89f05aa4963ffff,24,Night
1963,89f05aa4967ffff,24,Night
1964,89f05bd1673ffff,24,Night
1965,89f05bd160bffff,24,Night
1738,89f05bda593ffff,21,Night
1732,89f05bda583ffff,21,Night
1734,89f05aa4b2bffff,21,Night
1735,89f05bda59bffff,21,Night
1736,89f05aa4b2fffff,21,Night
1737,89f05aa4b3bffff,21,Night
1740,89f05bda503ffff,21,Night
1739,89f05bda50bffff,21,Night
1730,89f05aa4b17ffff,21,Night
1741,89f05bda58bffff,21,Night
1742,89f05aa4b8fffff,21,Night
1743,89f05bda51bffff,21,Night
1744,89f05bda547ffff,21,Night
1731,89f05bda513ffff,21,Night
1733,89f05aa4b07ffff,21,Night
1729,89f05aa4b67ffff,21,Night
1727,89f05bda573ffff,21,Night
1723,89f05bda577ffff,21,Night
1726,89f05bda5c7ffff,21,Night
1725,89f05bda50fffff,21,Night
1724,89f05bda597ffff,21,Night
1728,89f05bda557ffff,21,Night
1877,89f05bda4a3ffff,20,Night
1874,89f05bda437ffff,20,Night
1875,89f05bda55bffff,20,Night
1876,89f05bda4afffff,20,Night
1878,89f05bda427ffff,20,Night
1879,89f05bda54fffff,20,Night
1880,89f05bda0b3ffff,20,Night
1881,89f05bda54bffff,20,Night
2269,89f05aa4d6fffff,19,Evening
2264,89f05aa4d3bffff,19,Evening
2265,89f05aa4d8fffff,19,Evening
2266,89f05aa498bffff,19,Evening
2267,89f05aa4d77ffff,19,Evening
2271,89f05aa4d03ffff,19,Evening
2270,89f05aa4d93ffff,19,Evening
2268,89f05aa6b33ffff,19,Evening
2253,89f05aa4d07ffff,19,Evening
2252,89f05aa6bbbffff,19,Evening
2254,89f05aa490fffff,19,Evening
2256,89f05aa4d17ffff,19,Evening
2257,89f05aa49d7ffff,19,Evening
2258,89f05aa499bffff,19,Evening
2259,89f05aa6babffff,19,Evening
2260,89f05aa4d2bffff,19,Evening
2261,89f05aa4d83ffff,19,Evening
2262,89f05aa4903ffff,19,Evening
2263,89f05aa4913ffff,19,Evening
2255,89f05aa6b23ffff,19,Evening
1974,89f05aa636fffff,15,Night
1950,89f058794c7ffff,15,Night
1951,89f058794d7ffff,15,Night
1973,89f05aa45c7ffff,15,Night
1953,89f0587940bffff,15,Night
1955,89f0587b26bffff,15,Night
1954,89f058794cbffff,15,Night
1948,89f058794dbffff,15,Night
1949,89f0584c9b7ffff,15,Night
1944,89f0584c9a7ffff,15,Night
1947,89f058794d3ffff,15,Night
1946,89f05879447ffff,15,Night
1945,89f05879473ffff,15,Night
1943,89f0587b273ffff,15,Night
1942,89f05879463ffff,15,Night
1941,89f058794c3ffff,15,Night
1940,89f0587b27bffff,15,Night
1939,89f0587941bffff,15,Night
1972,89f05aa45d7ffff,15,Night
1952,89f05879457ffff,15,Night
2050,89f0587b2c7ffff,14,Noon
2044,89f0587b2d7ffff,14,Noon
2049,89f0587b20bffff,14,Noon
2047,89f058794cfffff,14,Noon
2046,89f0587b263ffff,14,Noon
2045,89f0587b247ffff,14,Noon
2043,89f0587b26fffff,14,Noon
2042,89f0587b21bffff,14,Noon
2048,89f0587b257ffff,14,Noon
2091,89f05aa6d43ffff,13,Noon
2087,89f05aa6ca7ffff,13,Noon
2088,89f05aa68afffff,13,Noon
2089,89f0586936bffff,13,Noon
2090,89f05aa6ddbffff,13,Noon
2095,89f05aa6837ffff,13,Noon
2092,89f05aa6d53ffff,13,Noon
2093,89f05869347ffff,13,Noon
2094,89f0586937bffff,13,Noon
2096,89f05aa6dcbffff,13,Noon
1710,89f05ab688bffff,13,Night
2086,89f05aa6827ffff,13,Noon
1711,89f05ab6813ffff,13,Night
1708,89f05ab680fffff,13,Night
1705,89f05ab6803ffff,13,Night
1706,89f05ab6867ffff,13,Night
1707,89f05ab6877ffff,13,Night
1709,89f05ab689bffff,13,Night
2303,89f05845373ffff,12,Evening
2299,89f058453c7ffff,12,Evening
2285,89f05845303ffff,12,Evening
2286,89f0584ed03ffff,12,Evening
2309,89f0584ed8bffff,12,Evening
2308,89f0584536fffff,12,Evening
2307,89f05845363ffff,12,Evening
2306,89f0584ed77ffff,12,Evening
2305,89f0584ed73ffff,12,Evening
2304,89f0584edd7ffff,12,Evening
2300,89f0584ed0bffff,12,Evening
2302,89f0584edc7ffff,12,Evening
2293,89f0584ed63ffff,12,Evening
2301,89f0584ed6fffff,12,Evening
2296,89f05845367ffff,12,Evening
2298,89f05845377ffff,12,Evening
2297,89f0584530fffff,12,Evening
2287,89f0584ed1bffff,12,Evening
2294,89f058453d7ffff,12,Evening
2292,89f0584e9d3ffff,12,Evening
2291,89f0584ed0fffff,12,Evening
2290,89f0584ed13ffff,12,Evening
2289,89f0584531bffff,12,Evening
2288,89f0584ed9bffff,12,Evening
2295,89f0584530bffff,12,Evening
1813,89f05ab4937ffff,10,Night
1814,89f0586b24bffff,10,Night
1812,89f0586b25bffff,10,Night
1820,89f05869443ffff,10,Night
1815,89f0586904fffff,10,Night
1816,89f058692b3ffff,10,Night
1817,89f05ab49afffff,10,Night
1818,89f05ab49b7ffff,10,Night
1819,89f05869043ffff,10,Night
2208,89f0587b6bbffff,10,Noon
1821,89f0586944bffff,10,Night
2207,89f05845e7bffff,10,Noon
1810,89f05ab49b3ffff,10,Night
2209,89f05845e63ffff,10,Noon
2210,89f05845a4fffff,10,Noon
2211,89f0587b607ffff,10,Noon
2212,89f0587b44bffff,10,Noon
2213,89f0587b62bffff,10,Noon
2214,89f05845acbffff,10,Noon
2215,89f0584e9a3ffff,10,Noon
2216,89f0584e9b7ffff,10,Noon
2217,89f0584eda3ffff,10,Noon
1811,89f058690cbffff,10,Night
1803,89f05ab49a7ffff,10,Night
1809,89f058696a3ffff,10,Night
2194,89f0584e927ffff,10,Noon
2204,89f05845e57ffff,10,Noon
2203,89f05845a4bffff,10,Noon
2202,89f0587b623ffff,10,Noon
2201,89f0584edb7ffff,10,Noon
2200,89f0587b4dbffff,10,Noon
2199,89f0587b28bffff,10,Noon
2198,89f0587b28fffff,10,Noon
2197,89f05845e47ffff,10,Noon
2196,89f0587b45bffff,10,Noon
2195,89f0584e9a7ffff,10,Noon
2193,89f05845acfffff,10,Noon
1808,89f05869287ffff,10,Night
2192,89f0584e933ffff,10,Noon
2219,89f0587b4cbffff,10,Noon
1799,89f0586905bffff,10,Night
1800,89f05ab49a3ffff,10,Night
1801,89f058696b3ffff,10,Night
1802,89f058690dbffff,10,Night
1804,89f058696a7ffff,10,Night
1805,89f058696afffff,10,Night
1806,89f0586945bffff,10,Night
1807,89f05ab4d27ffff,10,Night
2218,89f0587b62fffff,10,Noon
2232,89f05845a53ffff,10,Noon
2220,89f0587b283ffff,10,Noon
2243,89f05845a43ffff,10,Noon
2245,89f0587b6abffff,10,Noon
2246,89f0587b687ffff,10,Noon
2247,89f0587b697ffff,10,Noon
2221,89f0584ed37ffff,10,Noon
2249,89f0587b213ffff,10,Noon
2250,89f0584e9afffff,10,Noon
2251,89f0584e92fffff,10,Noon
1822,89f05ab4927ffff,10,Night
1823,89f058690cfffff,10,Night
1824,89f0586904bffff,10,Night
1825,89f058692a7ffff,10,Night
1826,89f05869627ffff,10,Night
1827,89f05869637ffff,10,Night
1828,89f058694dbffff,10,Night
1829,89f0586944fffff,10,Night
1830,89f05869053ffff,10,Night
1831,89f058696b7ffff,10,Night
1832,89f058692b7ffff,10,Night
2206,89f0587b293ffff,10,Noon
2244,89f05845e4fffff,10,Noon
2248,89f0587b6a3ffff,10,Noon
2242,89f0587b633ffff,10,Noon
2230,89f0587b603ffff,10,Noon
2222,89f05845ad3ffff,10,Noon
2223,89f0587b60fffff,10,Noon
2224,89f05845e73ffff,10,Noon
2241,89f0584eda7ffff,10,Noon
2226,89f0587b667ffff,10,Noon
2227,89f0584edafffff,10,Noon
2228,89f05845e43ffff,10,Noon
2229,89f0587b63bffff,10,Noon
2225,89f0587b6b3ffff,10,Noon
2231,89f0587b29bffff,10,Noon
2238,89f0587b617ffff,10,Noon
2233,89f0584e9b3ffff,10,Noon
2240,89f0584e937ffff,10,Noon
2239,89f0584e923ffff,10,Noon
2205,89f05845e6bffff,10,Noon
2237,89f05845e0bffff,10,Noon
2236,89f05845adbffff,10,Noon
2235,89f0587b677ffff,10,Noon
2234,89f05845ac3ffff,10,Noon
2362,89f0584e9cfffff,8,Night
2360,89f0584e9c7ffff,8,Night
2359,89f0584e9c3ffff,8,Night
2358,89f0584e947ffff,8,Night
2357,89f0584ed2bffff,8,Night
2356,89f0584e9d7ffff,8,Night
2355,89f0584e98bffff,8,Night
2354,89f0584ed67ffff,8,Night
2353,89f0584e957ffff,8,Night
2352,89f0584e97bffff,8,Night
2361,89f0584e99bffff,8,Night
2076,89f0584e91bffff,8,Noon
2070,89f0587b6d7ffff,8,Noon
2078,89f0587b6c7ffff,8,Noon
2069,89f0584e96fffff,8,Noon
2071,89f0584e967ffff,8,Noon
2072,89f0584e913ffff,8,Noon
2073,89f0587b68bffff,8,Noon
2075,89f0587b60bffff,8,Noon
2077,89f0584e973ffff,8,Noon
2079,89f0584e90bffff,8,Noon
2067,89f0584e90fffff,8,Noon
2080,89f0584e903ffff,8,Noon
2081,89f0584e963ffff,8,Noon
2082,89f0587b61bffff,8,Noon
2083,89f0587b69bffff,8,Noon
2084,89f0587b613ffff,8,Noon
2085,89f0584e977ffff,8,Noon
2068,89f0587b673ffff,8,Noon
2074,89f0584e993ffff,8,Noon
2066,89f0584e983ffff,8,Noon
2394,89f0587b6cfffff,6,Noon
2110,89f0584539bffff,6,Noon
2109,89f05845387ffff,6,Noon
2108,89f058453b3ffff,6,Noon
2107,89f0584ed27ffff,6,Noon
2106,89f0584ed33ffff,6,Noon
2105,89f058453afffff,6,Noon
2104,89f05845153ffff,6,Noon
2103,89f0584514bffff,6,Noon
2102,89f058451dbffff,6,Noon
2101,89f058453abffff,6,Noon
2100,89f058451d3ffff,6,Noon
2099,89f05845077ffff,6,Noon
2098,89f0584538fffff,6,Noon
2097,89f05845333ffff,6,Noon
2393,89f0587b66fffff,6,Noon
2162,89f05845383ffff,6,Noon
2392,89f0587b2cbffff,6,Noon
2391,89f0587b24fffff,6,Noon
2390,89f0587b647ffff,6,Noon
2389,89f0587b657ffff,6,Noon
2388,89f0587b2d3ffff,6,Noon
2387,89f0587b663ffff,6,Noon
2386,89f0584cda7ffff,6,Noon
2385,89f0587b253ffff,6,Noon
2112,89f0584e92bffff,6,Noon
2384,89f0587b67bffff,6,Noon
2397,89f0587b2dbffff,6,Noon
2398,89f0587b2c3ffff,6,Noon
2396,89f0587b2cfffff,6,Noon
2399,89f0587b243ffff,6,Noon
2111,89f0584ed87ffff,6,Noon
2163,89f0584ed2fffff,6,Noon
2113,89f0584502bffff,6,Noon
2132,89f0584e917ffff,6,Noon
2134,89f0587b683ffff,6,Noon
2135,89f058451cbffff,6,Noon
2136,89f0584e9bbffff,6,Noon
2137,89f05845393ffff,6,Noon
2138,89f05845307ffff,6,Noon
2139,89f058453bbffff,6,Noon
2140,89f0584edabffff,6,Noon
2141,89f05845067ffff,6,Noon
2142,89f0584ed93ffff,6,Noon
2143,89f0584533bffff,6,Noon
2144,89f05845027ffff,6,Noon
2145,89f05845317ffff,6,Noon
2146,89f05845023ffff,6,Noon
2147,89f0584ed97ffff,6,Noon
2114,89f0584532bffff,6,Noon
2148,89f0584e98fffff,6,Noon
2149,89f0584514fffff,6,Noon
2150,89f0584e987ffff,6,Noon
2151,89f0584edb3ffff,6,Noon
2152,89f05845397ffff,6,Noon
2153,89f0584ed8fffff,6,Noon
2154,89f0584ed07ffff,6,Noon
2155,89f05845143ffff,6,Noon
2156,89f0584532fffff,6,Noon
2157,89f05845007ffff,6,Noon
2158,89f0584503bffff,6,Noon
2159,89f05845a5bffff,6,Noon
2160,89f0584e997ffff,6,Noon
2161,89f0587b693ffff,6,Noon
2133,89f05845323ffff,6,Noon
2395,89f0587b66bffff,6,Noon
2131,89f0584e9abffff,6,Noon
2124,89f0584ed3bffff,6,Noon
2122,89f0584515bffff,6,Noon
2121,89f0584e93bffff,6,Noon
2120,89f05845e4bffff,6,Noon
2119,89f0584edbbffff,6,Noon
2118,89f0584538bffff,6,Noon
2117,89f05845037ffff,6,Noon
2116,89f0584ed17ffff,6,Noon
2115,89f0584ed23ffff,6,Noon
2125,89f0584502fffff,6,Noon
2130,89f058453a3ffff,6,Noon
2123,89f05845033ffff,6,Noon
2126,89f0584ed83ffff,6,Noon
2127,89f05845313ffff,6,Noon
2128,89f0584e907ffff,6,Noon
2129,89f0587b68fffff,6,Noon
2053,89f0587b637ffff,5,Noon
2051,89f0587b6b7ffff,5,Noon
2054,89f0587b043ffff,5,Noon
2055,89f0587b04bffff,5,Noon
2061,89f0587b627ffff,5,Noon
2060,89f0587b053ffff,5,Noon
2059,89f0587b05bffff,5,Noon
2058,89f0587b44fffff,5,Noon
2057,89f0587b04fffff,5,Noon
2052,89f0587b0cbffff,5,Noon
2056,89f0587b6a7ffff,5,Noon
2062,89f0587b2b3ffff,5,Noon
2064,89f0587b6afffff,5,Noon
2063,89f0587b0dbffff,5,Noon
2065,89f0587b2b7ffff,5,Noon
2274,89f0587b277ffff,4,Noon
2364,89f05879483ffff,4,Night
2363,89f0587b287ffff,4,Night
2277,89f0587b20fffff,4,Noon
2278,89f05879467ffff,4,Noon
2279,89f0587946fffff,4,Noon
2273,89f05879413ffff,4,Noon
2366,89f0587948fffff,4,Night
2272,89f0587949bffff,4,Noon
2280,89f0587b267ffff,4,Noon
2281,89f0587948bffff,4,Noon
2282,89f05879477ffff,4,Noon
2283,89f05879403ffff,4,Noon
2284,89f0587940fffff,4,Noon
2365,89f0587b233ffff,4,Night
2367,89f0587b2bbffff,4,Night
2383,89f05879497ffff,4,Night
2368,89f0587b23bffff,4,Night
2382,89f0587b2abffff,4,Night
2276,89f05879493ffff,4,Noon
2381,89f0587b237ffff,4,Night
2379,89f0587b2a3ffff,4,Night
2275,89f0587b203ffff,4,Noon
2378,89f0587b207ffff,4,Night
2377,89f0587b223ffff,4,Night
2376,89f0587b2afffff,4,Night
2375,89f0587b22bffff,4,Night
2374,89f05879487ffff,4,Night
2373,89f0587b217ffff,4,Night
2372,89f05879407ffff,4,Night
2371,89f0587b22fffff,4,Night
2370,89f05879417ffff,4,Night
2369,89f0587b297ffff,4,Night
2380,89f0587b227ffff,4,Night
2404,89f058693cfffff,1,Night
2400,89f05869063ffff,1,Night
2412,89f0586b23bffff,1,Night
2422,89f05869413ffff,1,Night
2420,89f05869483ffff,1,Night
2401,89f0586900bffff,1,Night
2418,89f0586b207ffff,1,Night
2417,89f0586908bffff,1,Night
2416,89f05869357ffff,1,Night
2415,89f05869493ffff,1,Night
2414,89f0586901bffff,1,Night
2413,89f0586948fffff,1,Night
2419,89f0586906fffff,1,Night
2411,89f0586909bffff,1,Night
2405,89f0586940fffff,1,Night
2410,89f0586b2abffff,1,Night
2402,89f05869073ffff,1,Night
2403,89f0586b22bffff,1,Night
2421,89f05869403ffff,1,Night
2406,89f0586b233ffff,1,Night
2408,89f0586b2bbffff,1,Night
2409,89f05869477ffff,1,Night
2407,89f05869467ffff,1,Night
2431,89f05845167ffff,0,Noon
2437,89f05845133ffff,0,Noon
2436,89f05845e93ffff,0,Noon
2435,89f05845177ffff,0,Noon
2434,89f058451abffff,0,Noon
2433,89f0584513bffff,0,Noon
2432,89f0584512bffff,0,Noon
2429,89f058451bbffff,0,Noon
2430,89f05845183ffff,0,Noon
2428,89f05845117ffff,0,Noon
2427,89f05845e8bffff,0,Noon
2425,89f0584510fffff,0,Noon
2424,89f05845107ffff,0,Noon
2423,89f05845e9bffff,0,Noon
2426,89f0584518fffff,0,Noon
2323,89f0584732fffff,0,Evening
2351,89f058446c7ffff,0,Evening
2319,89f05845597ffff,0,Evening
2328,89f05844653ffff,0,Evening
2327,89f058446d3ffff,0,Evening
2326,89f0584717bffff,0,Evening
2325,89f05847337ffff,0,Evening
2324,89f05847333ffff,0,Evening
2322,89f05847167ffff,0,Evening
2321,89f0584710fffff,0,Evening
2320,89f05847103ffff,0,Evening
2318,89f058446cfffff,0,Evening
2350,89f0584714bffff,0,Evening
2317,89f0584716bffff,0,Evening
2316,89f05847113ffff,0,Evening
2315,89f05847173ffff,0,Evening
2314,89f05844643ffff,0,Evening
2313,89f058473a3ffff,0,Evening
2312,89f058446cbffff,0,Evening
2311,89f0584710bffff,0,Evening
2310,89f058446d7ffff,0,Evening
2329,89f058473b3ffff,0,Evening
2330,89f0584464bffff,0,Evening
2331,89f0584711bffff,0,Evening
2332,89f058446c3ffff,0,Evening
2349,89f0584716fffff,0,Evening
2348,89f0584464fffff,0,Evening
2347,89f058455b7ffff,0,Evening
2346,89f058473afffff,0,Evening
2345,89f0584460bffff,0,Evening
2344,89f058473a7ffff,0,Evening
2343,89f058455b3ffff,0,Evening
2342,89f0584465bffff,0,Evening
2341,89f058446dbffff,0,Evening
2340,89f0584461bffff,0,Evening
2339,89f0584718bffff,0,Evening
2338,89f05845587ffff,0,Evening
2337,89f05847323ffff,0,Evening
2336,89f05847177ffff,0,Evening
2335,89f058473b7ffff,0,Evening
2334,89f05847163ffff,0,Evening
2333,89f05847327ffff,0,Evening
2438,89f05845103ffff,0,Noon
