,pick_up_hexes,count,day_time
181,89f05ab4e47ffff,15157,Night
182,89f05ab4e4fffff,15157,Night
183,89f05ab5db7ffff,15157,Night
180,89f05ab4adbffff,15157,Night
184,89f05ab5da3ffff,15157,Night
185,89f05ab4e7bffff,15157,Night
186,89f05ab4e57ffff,15157,Night
187,89f05ab4e6bffff,15157,Night
188,89f05ab5da7ffff,15157,Night
189,89f05ab4ad3ffff,15157,Night
15,89f05ab4e43ffff,14484,Night
20,89f05ab4ed3ffff,14484,Night
19,89f05ab4edbffff,14484,Night
18,89f05ab4ec3ffff,14484,Night
16,89f05ab4ecbffff,14484,Night
17,89f05ab4e53ffff,14484,Night
219,89f05ab4e0bffff,14241,Night
218,89f05ab4ecfffff,14241,Night
215,89f05ab4e73ffff,14241,Night
216,89f05ab4ed7ffff,14241,Night
217,89f05ab4ec7ffff,14241,Night
220,89f05ab4e1bffff,14241,Night
88,89f05ab4a07ffff,13468,Night
87,89f05ab4a3bffff,13468,Night
89,89f05ab4a83ffff,13468,Night
99,89f05aa649bffff,13468,Night
91,89f05ab4a2bffff,13468,Night
92,89f05aa6483ffff,13468,Night
93,89f05aa648bffff,13468,Night
94,89f05ab4a93ffff,13468,Night
95,89f05ab4a67ffff,13468,Night
96,89f05aa6493ffff,13468,Night
97,89f05aa6413ffff,13468,Night
90,89f05ab4a17ffff,13468,Night
98,89f05ab4a8fffff,13468,Night
278,89f05ab43b7ffff,13338,Night
281,89f05ab4143ffff,13338,Night
280,89f05ab43a7ffff,13338,Night
279,89f05ab414fffff,13338,Night
30,89f05ab4c1bffff,11776,Night
29,89f05ab4c0bffff,11776,Night
28,89f05ab4c73ffff,11776,Night
27,89f05ab4cc7ffff,11776,Night
258,89f05aa602fffff,10113,Night
256,89f05aa6087ffff,10113,Night
249,89f05aa60abffff,10113,Night
251,89f05aa654bffff,10113,Night
252,89f05aa602bffff,10113,Night
253,89f05aa6023ffff,10113,Night
254,89f05aa60a3ffff,10113,Night
255,89f05aa6097ffff,10113,Night
257,89f05aa60b3ffff,10113,Night
259,89f05aa60afffff,10113,Night
250,89f05aa6033ffff,10113,Night
21,89f05ab5dbbffff,9768,Night
22,89f05ab5d17ffff,9768,Night
23,89f05ab4e5bffff,9768,Night
24,89f05ab4e4bffff,9768,Night
26,89f05ab5d87ffff,9768,Night
25,89f05ab5db3ffff,9768,Night
448,89f05ab5d8fffff,8053,Night
447,89f05ab432bffff,8053,Night
446,89f05ab4367ffff,8053,Night
445,89f05ab5d8bffff,8053,Night
444,89f05ab5d83ffff,8053,Night
443,89f05ab5d9bffff,8053,Night
442,89f05ab5d93ffff,8053,Night
441,89f05ab5d13ffff,8053,Night
276,89f05aa6467ffff,7972,Night
277,89f05aa608bffff,7972,Night
274,89f05aa600bffff,7972,Night
262,89f05aa609bffff,7972,Night
263,89f05aa608fffff,7972,Night
273,89f05aa6003ffff,7972,Night
272,89f05aa643bffff,7972,Night
271,89f05aa6477ffff,7972,Night
270,89f05aa6017ffff,7972,Night
269,89f05aa603bffff,7972,Night
268,89f05aa6013ffff,7972,Night
267,89f05aa6007ffff,7972,Night
266,89f05aa6083ffff,7972,Night
265,89f05aa6093ffff,7972,Night
275,89f05aa642bffff,7972,Night
264,89f05aa6407ffff,7972,Night
149,89f05aa63afffff,6338,Night
148,89f05aa6e4bffff,6338,Night
135,89f05aa6337ffff,6338,Night
136,89f05aa6327ffff,6338,Night
147,89f05aa6ecbffff,6338,Night
146,89f05aa6333ffff,6338,Night
145,89f05aa6e53ffff,6338,Night
144,89f05aa45b3ffff,6338,Night
143,89f05aa6323ffff,6338,Night
142,89f05aa6e43ffff,6338,Night
141,89f05aa6e4fffff,6338,Night
140,89f05aa63a7ffff,6338,Night
139,89f05aa632fffff,6338,Night
138,89f05aa6e5bffff,6338,Night
137,89f05aa63abffff,6338,Night
150,89f05aa6edbffff,6338,Night
246,89f05ab6aa7ffff,5917,Night
248,89f05ab6ab7ffff,5917,Night
247,89f05ab6847ffff,5917,Night
245,89f05ab6bd3ffff,5917,Night
244,89f05ab687bffff,5917,Night
243,89f05ab6b53ffff,5917,Night
242,89f05ab686bffff,5917,Night
241,89f05ab6bcbffff,5917,Night
240,89f05ab6bdbffff,5917,Night
101,89f05ab4c0fffff,5802,Night
100,89f05ab4c8bffff,5802,Night
104,89f05ab4c9bffff,5802,Night
103,89f05ab4c03ffff,5802,Night
102,89f05ab4c13ffff,5802,Night
58,89f05aa6433ffff,5349,Night
57,89f05ab4b4fffff,5349,Night
70,89f05ab4b4bffff,5349,Night
69,89f05aa64abffff,5349,Night
68,89f05aa64b3ffff,5349,Night
59,89f05ab4bcbffff,5349,Night
66,89f05ab4a27ffff,5349,Night
67,89f05aa6497ffff,5349,Night
64,89f05ab4b53ffff,5349,Night
63,89f05aa64bbffff,5349,Night
62,89f05aa6487ffff,5349,Night
61,89f05aa648fffff,5349,Night
60,89f05ab4b5bffff,5349,Night
65,89f05aa6417ffff,5349,Night
108,89f05ab432fffff,5082,Night
107,89f05ab4323ffff,5082,Night
106,89f05ab4333ffff,5082,Night
105,89f05ab5d97ffff,5082,Night
237,89f05ab6a33ffff,5014,Night
232,89f05ab6a27ffff,5014,Night
236,89f05ab6a37ffff,5014,Night
235,89f05ab6aafffff,5014,Night
234,89f05ab6aabffff,5014,Night
233,89f05ab6a2fffff,5014,Night
231,89f05ab6a23ffff,5014,Night
116,89f05ab4ccfffff,4701,Night
113,89f05ab4c57ffff,4701,Night
114,89f05ab4c47ffff,4701,Night
115,89f05ab4c63ffff,4701,Night
112,89f05ab4c7bffff,4701,Night
117,89f05ab48d3ffff,4701,Night
109,89f05ab48cfffff,4701,Night
110,89f05ab4c6bffff,4701,Night
111,89f05ab48c3ffff,4701,Night
435,89f05ab685bffff,4621,Night
436,89f05ab684bffff,4621,Night
433,89f05ab6ab3ffff,4621,Night
434,89f05ab6aa3ffff,4621,Night
86,89f05aa64d7ffff,4011,Night
84,89f05aa6463ffff,4011,Night
80,89f05ab4a6bffff,4011,Night
81,89f05aa64c7ffff,4011,Night
82,89f05ab4a73ffff,4011,Night
85,89f05aa64d3ffff,4011,Night
77,89f05aa64c3ffff,4011,Night
76,89f05ab4a6fffff,4011,Night
75,89f05aa6447ffff,4011,Night
74,89f05aa6457ffff,4011,Night
73,89f05aa640bffff,4011,Night
79,89f05aa641bffff,4011,Night
71,89f05ab4a63ffff,4011,Night
83,89f05aa6473ffff,4011,Night
72,89f05aa64cfffff,4011,Night
78,89f05ab4a77ffff,4011,Night
375,89f05ab6e23ffff,3885,Night
376,89f05ab6eafffff,3885,Night
377,89f05ab6e2fffff,3885,Night
378,89f05ab6e27ffff,3885,Night
374,89f05ab6e37ffff,3885,Night
362,89f05aa451bffff,3747,Night
366,89f05aa4563ffff,3747,Night
367,89f05aa456fffff,3747,Night
368,89f05aa40b7ffff,3747,Night
363,89f05aa4557ffff,3747,Night
369,89f05aa4573ffff,3747,Night
364,89f05aa4547ffff,3747,Night
361,89f05aa457bffff,3747,Night
365,89f05aa450bffff,3747,Night
317,89f05ab4ab7ffff,3463,Night
316,89f05ab4b57ffff,3463,Night
318,89f05ab4ea7ffff,3463,Night
319,89f05ab4bdbffff,3463,Night
320,89f05ab4e27ffff,3463,Night
315,89f05ab4bcfffff,3463,Night
324,89f05ab4853ffff,3463,Night
314,89f05ab48dbffff,3463,Night
313,89f05ab4a37ffff,3463,Night
312,89f05ab4843ffff,3463,Night
311,89f05ab484bffff,3463,Night
310,89f05ab4a2fffff,3463,Night
309,89f05ab4bc3ffff,3463,Night
308,89f05ab4aa7ffff,3463,Night
325,89f05ab484fffff,3463,Night
322,89f05ab4b43ffff,3463,Night
303,89f05ab4aafffff,3463,Night
304,89f05ab4ab3ffff,3463,Night
300,89f05ab4a23ffff,3463,Night
301,89f05ab4aa3ffff,3463,Night
321,89f05ab4bd3ffff,3463,Night
302,89f05ab4a33ffff,3463,Night
305,89f05ab486bffff,3463,Night
306,89f05ab48cbffff,3463,Night
307,89f05ab485bffff,3463,Night
323,89f05ab4aabffff,3463,Night
427,89f05ab5d1bffff,3217,Night
423,89f05ab5d73ffff,3217,Night
421,89f05ab5d7bffff,3217,Night
422,89f05ab5d47ffff,3217,Night
424,89f05ab5d57ffff,3217,Night
425,89f05ab5dc7ffff,3217,Night
426,89f05ab5d0bffff,3217,Night
238,89f05ab6abbffff,3052,Night
239,89f05ab6a87ffff,3052,Night
198,89f05ab4cabffff,2997,Night
192,89f05ab4cb3ffff,2997,Night
190,89f05ab4c87ffff,2997,Night
197,89f05ab6b5bffff,2997,Night
191,89f05ab4c97ffff,2997,Night
194,89f05ab4cafffff,2997,Night
195,89f05ab4cbbffff,2997,Night
196,89f05ab6b4bffff,2997,Night
193,89f05ab4ca3ffff,2997,Night
478,89f05ab5d33ffff,2960,Night
479,89f05ab598bffff,2960,Night
480,89f05ab5913ffff,2960,Night
481,89f05ab5993ffff,2960,Night
482,89f05ab5d23ffff,2960,Night
483,89f05ab5d2bffff,2960,Night
352,89f05ab43a3ffff,2834,Night
353,89f05ab4327ffff,2834,Night
355,89f05ab4337ffff,2834,Night
354,89f05ab43afffff,2834,Night
55,89f05ab4863ffff,2831,Night
43,89f05ab486fffff,2831,Night
48,89f05ab4847ffff,2831,Night
49,89f05ab48c7ffff,2831,Night
50,89f05ab48d7ffff,2831,Night
51,89f05ab4c77ffff,2831,Night
52,89f05ab480bffff,2831,Night
53,89f05ab487bffff,2831,Night
54,89f05ab4c67ffff,2831,Night
45,89f05ab489bffff,2831,Night
56,89f05ab4c6fffff,2831,Night
44,89f05ab4873ffff,2831,Night
46,89f05ab4857ffff,2831,Night
47,89f05ab481bffff,2831,Night
166,89f05ab6a97ffff,2745,Night
165,89f05ab4eb7ffff,2654,Night
164,89f05ab4e37ffff,2654,Night
163,89f05ab4c53ffff,2654,Night
162,89f05ab4ea3ffff,2654,Night
161,89f05ab4c4bffff,2654,Night
160,89f05ab4eb3ffff,2654,Night
159,89f05ab4eafffff,2654,Night
158,89f05ab4c43ffff,2654,Night
157,89f05ab4c4fffff,2654,Night
179,89f05ab4c23ffff,2434,Night
178,89f05ab4c3bffff,2434,Night
176,89f05ab4c2bffff,2434,Night
175,89f05ab4c2fffff,2434,Night
177,89f05ab4c33ffff,2434,Night
174,89f05ab4c07ffff,2434,Night
173,89f05ab4893ffff,2434,Night
172,89f05ab4897ffff,2434,Night
118,89f05ab4827ffff,2405,Night
133,89f05ab495bffff,2405,Night
134,89f05ab4ddbffff,2405,Night
119,89f05ab4d53ffff,2405,Night
132,89f05ab4ca7ffff,2405,Night
131,89f05ab48a7ffff,2405,Night
130,89f05ab4cb7ffff,2405,Night
129,89f05ab48afffff,2405,Night
128,89f05ab48a3ffff,2405,Night
127,89f05ab4c27ffff,2405,Night
126,89f05ab4dcbffff,2405,Night
125,89f05ab4c37ffff,2405,Night
124,89f05ab4d4bffff,2405,Night
123,89f05ab49dbffff,2405,Night
122,89f05ab4837ffff,2405,Night
120,89f05ab48b3ffff,2405,Night
121,89f05ab4d5bffff,2405,Night
153,89f05ab598fffff,2347,Night
152,89f05ab5983ffff,2347,Night
154,89f05ab590fffff,2347,Night
155,89f05ab5d2fffff,2347,Night
156,89f05ab5903ffff,2347,Night
151,89f05ab5917ffff,2347,Night
230,89f05aa6adbffff,2225,Night
225,89f05aa45a7ffff,2225,Night
226,89f05aa6a53ffff,2225,Night
227,89f05aa6acbffff,2225,Night
228,89f05aa45b7ffff,2225,Night
229,89f05aa6a43ffff,2225,Night
597,89f05ab59afffff,2200,Night
598,89f05ab59a7ffff,2200,Night
596,89f05ab5937ffff,2200,Night
594,89f05ab59b7ffff,2200,Night
585,89f05ab59b3ffff,2200,Night
593,89f05ab4a5bffff,2200,Night
588,89f05ab4a43ffff,2200,Night
586,89f05ab59a3ffff,2200,Night
595,89f05ab4a4bffff,2200,Night
587,89f05ab5d27ffff,2200,Night
589,89f05ab5d37ffff,2200,Night
590,89f05ab5dafffff,2200,Night
591,89f05ab4a4fffff,2200,Night
592,89f05ab5927ffff,2200,Night
418,89f05ab5997ffff,2116,Night
420,89f05ab5933ffff,2116,Night
419,89f05ab5923ffff,2116,Night
415,89f05ab59bbffff,2116,Night
416,89f05ab5987ffff,2116,Night
417,89f05ab59abffff,2116,Night
2,89f05aa4a87ffff,2050,Night
4,89f05aa41a7ffff,2050,Night
3,89f05aa4c43ffff,2050,Night
5,89f05aa4e27ffff,2050,Night
6,89f05aa4c4fffff,2050,Night
7,89f05aa4ea3ffff,2050,Night
8,89f05aa485bffff,2050,Night
9,89f05aa4eb3ffff,2050,Night
11,89f05aa4c53ffff,2050,Night
10,89f05aa4cd3ffff,2050,Night
0,89f05aa4cdbffff,2050,Night
14,89f05aa4e37ffff,2050,Night
13,89f05aa4eafffff,2050,Night
12,89f05aa4cc3ffff,2050,Night
1,89f05aa4ccbffff,2050,Night
286,89f05ab4a9bffff,2016,Night
282,89f05ab4a03ffff,2016,Night
283,89f05ab4a8bffff,2016,Night
284,89f05ab4e67ffff,2016,Night
285,89f05ab4a13ffff,2016,Night
287,89f05ab4a0fffff,2016,Night
343,89f05ab4103ffff,1944,Night
347,89f05ab418fffff,1944,Night
346,89f05ab416bffff,1944,Night
345,89f05ab4183ffff,1944,Night
344,89f05ab416fffff,1944,Night
348,89f05ab4177ffff,1944,Night
342,89f05ab4187ffff,1944,Night
341,89f05ab4117ffff,1944,Night
351,89f05ab4173ffff,1944,Night
349,89f05ab4163ffff,1944,Night
350,89f05ab410fffff,1944,Night
409,89f05aa638bffff,1819,Night
410,89f05aa6393ffff,1819,Night
413,89f05aa639bffff,1819,Night
411,89f05aa6303ffff,1819,Night
414,89f05aa6383ffff,1819,Night
412,89f05aa6313ffff,1819,Night
429,89f05ab5d6bffff,1804,Night
432,89f05ab59cbffff,1804,Night
431,89f05ab59dbffff,1804,Night
430,89f05ab5953ffff,1804,Night
428,89f05ab59d3ffff,1804,Night
390,89f05aa6437ffff,1755,Night
388,89f05aa6423ffff,1755,Night
393,89f05aa60bbffff,1755,Night
392,89f05aa642fffff,1755,Night
391,89f05aa64afffff,1755,Night
389,89f05aa64a3ffff,1755,Night
169,89f05ab4abbffff,1732,Night
171,89f05ab4a97ffff,1732,Night
170,89f05ab4e2fffff,1732,Night
168,89f05ab4a87ffff,1732,Night
167,89f05ab4e23ffff,1732,Night
288,89f05ab68cbffff,1663,Night
292,89f05ab6853ffff,1663,Night
291,89f05ab6843ffff,1663,Night
290,89f05ab6ea7ffff,1663,Night
289,89f05ab68dbffff,1663,Night
769,89f05aa6027ffff,1638,Night
771,89f05aa615bffff,1638,Night
770,89f05aa63b7ffff,1638,Night
772,89f05aa63bbffff,1638,Night
773,89f05aa614fffff,1638,Night
768,89f05aa614bffff,1638,Night
767,89f05aa63b3ffff,1638,Night
766,89f05aa63a3ffff,1638,Night
524,89f05ab4b3bffff,1594,Night
533,89f05ab488bffff,1594,Night
534,89f05ab4b93ffff,1594,Night
530,89f05ab4b8fffff,1594,Night
525,89f05ab4b07ffff,1594,Night
526,89f05ab4b83ffff,1594,Night
532,89f05ab4b17ffff,1594,Night
531,89f05ab482bffff,1594,Night
527,89f05ab4b2bffff,1594,Night
528,89f05ab4813ffff,1594,Night
529,89f05ab4803ffff,1594,Night
535,89f05ab483bffff,1594,Night
536,89f05aa6593ffff,1594,Night
581,89f05ab5ba7ffff,1592,Night
579,89f05aa66dbffff,1592,Night
580,89f05aa75b3ffff,1592,Night
584,89f05aa665bffff,1592,Night
583,89f05aa664bffff,1592,Night
582,89f05aa66cbffff,1592,Night
214,89f05ab596bffff,1570,Night
213,89f05ab5973ffff,1570,Night
212,89f05ab5963ffff,1570,Night
211,89f05aa66d3ffff,1570,Night
210,89f05ab590bffff,1570,Night
379,89f05ab6b43ffff,1528,Night
380,89f05ab6b4fffff,1528,Night
299,89f05ab5947ffff,1274,Night
293,89f05ab5d6fffff,1274,Night
297,89f05ab5957ffff,1274,Night
296,89f05ab59d7ffff,1274,Night
295,89f05ab59cfffff,1274,Night
294,89f05ab591bffff,1274,Night
298,89f05ab59c7ffff,1274,Night
36,89f05ab488fffff,1150,Night
31,89f05ab4887ffff,1150,Night
32,89f05ab4823ffff,1150,Night
33,89f05ab4833ffff,1150,Night
34,89f05ab4b97ffff,1150,Night
35,89f05ab48abffff,1150,Night
37,89f05ab4817ffff,1150,Night
38,89f05ab48bbffff,1150,Night
39,89f05ab4807ffff,1150,Night
40,89f05ab4883ffff,1150,Night
41,89f05ab482fffff,1150,Night
42,89f05ab4b87ffff,1150,Night
626,89f05aa6673ffff,1102,Night
621,89f05aa62cfffff,1102,Night
622,89f05aa6663ffff,1102,Night
623,89f05aa661bffff,1102,Night
625,89f05aa660bffff,1102,Night
627,89f05aa66cfffff,1102,Night
624,89f05aa66c7ffff,1102,Night
669,89f05aa7587ffff,1084,Night
667,89f05aa75abffff,1084,Night
668,89f05aa75bbffff,1084,Night
670,89f05aa7533ffff,1084,Night
738,89f05ab592bffff,1061,Night
739,89f05aa669bffff,1061,Night
736,89f05ab593bffff,1061,Night
737,89f05ab5907ffff,1061,Night
710,89f0586b27bffff,1051,Night
717,89f0586b253ffff,1051,Night
709,89f0586b2cbffff,1051,Night
708,89f0586b2c3ffff,1051,Night
711,89f0586b257ffff,1051,Night
712,89f0586b24fffff,1051,Night
713,89f0586b247ffff,1051,Night
714,89f0586b2d3ffff,1051,Night
715,89f0586b243ffff,1051,Night
716,89f0586b2cfffff,1051,Night
707,89f0586b647ffff,1051,Night
718,89f0586b2dbffff,1051,Night
720,89f0586b66bffff,1051,Night
719,89f0586b67bffff,1051,Night
779,89f05ab597bffff,1050,Night
356,89f05aa6647ffff,1040,Night
359,89f05aa6643ffff,1040,Night
360,89f05aa6657ffff,1040,Night
358,89f05aa6653ffff,1040,Night
357,89f05aa664fffff,1040,Night
451,89f05ab5943ffff,1025,Night
450,89f05ab594fffff,1025,Night
449,89f05ab5bb7ffff,1025,Night
470,89f05ab596fffff,1019,Night
472,89f05ab5977ffff,1019,Night
471,89f05aa66d7ffff,1019,Night
469,89f05ab5967ffff,1019,Night
468,89f05aa66c3ffff,1019,Night
474,89f05ab5d07ffff,1007,Night
475,89f05ab5d77ffff,1007,Night
476,89f05ab5d3bffff,1007,Night
477,89f05ab5d67ffff,1007,Night
473,89f05ab599bffff,1007,Night
437,89f05ab41cfffff,994,Night
440,89f05ab417bffff,994,Night
439,89f05ab4157ffff,994,Night
438,89f05ab4147ffff,994,Night
370,89f05aa629bffff,963,Night
371,89f05aa628bffff,963,Night
373,89f05aa6213ffff,963,Night
372,89f05aa6203ffff,963,Night
931,89f05aa444fffff,928,Night
940,89f05aa6257ffff,928,Night
939,89f05aa46a3ffff,928,Night
938,89f05aa627bffff,928,Night
937,89f05aa44cfffff,928,Night
936,89f05aa44cbffff,928,Night
935,89f05aa4453ffff,928,Night
934,89f05aa46b7ffff,928,Night
933,89f05aa4443ffff,928,Night
932,89f05aa626bffff,928,Night
941,89f05aa6247ffff,928,Night
930,89f05aa4457ffff,928,Night
328,89f05ab4b03ffff,911,Night
332,89f05ab4877ffff,911,Night
326,89f05ab4867ffff,911,Night
327,89f05ab4b9bffff,911,Night
329,89f05ab4b13ffff,911,Night
330,89f05ab4b8bffff,911,Night
331,89f05ab480fffff,911,Night
749,89f05ab5b2fffff,882,Night
757,89f05ab5b27ffff,882,Night
756,89f05ab5b37ffff,882,Night
755,89f05ab5bafffff,882,Night
754,89f05aa7597ffff,882,Night
753,89f05ab5bb3ffff,882,Night
752,89f05ab5ba3ffff,882,Night
751,89f05ab5b23ffff,882,Night
750,89f05ab5b33ffff,882,Night
335,89f05aa6263ffff,880,Night
333,89f05aa6273ffff,880,Night
334,89f05aa44d3ffff,880,Night
394,89f05ab6857ffff,828,Night
395,89f05ab68c3ffff,828,Night
396,89f05ab68cfffff,828,Night
397,89f05ab684fffff,828,Night
260,89f05ab4167ffff,778,Night
261,89f05ab4e9bffff,778,Night
462,89f05aa663bffff,710,Night
453,89f05aa6297ffff,710,Night
464,89f05aa66abffff,710,Night
463,89f05aa6287ffff,710,Night
465,89f05aa6607ffff,710,Night
461,89f05aa6687ffff,710,Night
460,89f05aa668fffff,710,Night
454,89f05aa645bffff,710,Night
455,89f05aa6633ffff,710,Night
456,89f05aa6623ffff,710,Night
452,89f05aa662fffff,710,Night
457,89f05aa62bbffff,710,Night
458,89f05aa6617ffff,710,Night
459,89f05aa66bbffff,710,Night
614,89f05ab5bbbffff,705,Night
615,89f05ab5827ffff,705,Night
617,89f05ab58afffff,705,Night
613,89f05ab5babffff,705,Night
618,89f05ab5837ffff,705,Night
619,89f05ab5b87ffff,705,Night
620,89f05ab58a3ffff,705,Night
616,89f05ab5b97ffff,705,Night
408,89f05ab4d7bffff,681,Night
403,89f05ab4d6bffff,681,Night
402,89f05ab4dcfffff,681,Night
401,89f05ab4d47ffff,681,Night
400,89f05ab6b7bffff,681,Night
405,89f05ab4d57ffff,681,Night
406,89f05ab6b6fffff,681,Night
407,89f05ab4dd3ffff,681,Night
404,89f05ab6b6bffff,681,Night
398,89f05ab4dc3ffff,681,Night
399,89f05ab4dd7ffff,681,Night
573,89f05ab6b03ffff,647,Night
569,89f05ab4d17ffff,647,Night
570,89f05ab6b67ffff,647,Night
571,89f05ab6b87ffff,647,Night
572,89f05ab4d8fffff,647,Night
577,89f05ab4d83ffff,647,Night
574,89f05ab6b63ffff,647,Night
575,89f05ab6b3bffff,647,Night
576,89f05ab4d93ffff,647,Night
567,89f05ab6b07ffff,647,Night
578,89f05ab6b73ffff,647,Night
568,89f05ab6b2bffff,647,Night
565,89f05ab6b77ffff,647,Night
566,89f05ab6b0fffff,647,Night
564,89f05ab6b17ffff,647,Night
763,89f05aa44c3ffff,558,Night
759,89f05aa449bffff,558,Night
760,89f05aa4447ffff,558,Night
761,89f05aa44c7ffff,558,Night
758,89f05aa44d7ffff,558,Night
762,89f05aa626fffff,558,Night
764,89f05aa441bffff,558,Night
827,89f05aa6697ffff,557,Night
826,89f05aa6693ffff,557,Night
825,89f05ab592fffff,557,Night
824,89f05aa6683ffff,557,Night
774,89f05ab4e3bffff,556,Night
775,89f05ab4e33ffff,556,Night
778,89f05ab4ebbffff,556,Night
776,89f05ab4e2bffff,556,Night
777,89f05ab4eabffff,556,Night
781,89f05aa71a7ffff,550,Night
780,89f05aa624fffff,550,Night
785,89f05aa6243ffff,550,Night
784,89f05aa44dbffff,550,Night
783,89f05aa6253ffff,550,Night
782,89f05aa71b7ffff,550,Night
832,89f05aa6387ffff,512,Night
828,89f05aa6317ffff,512,Night
829,89f05aa6307ffff,512,Night
830,89f05aa638fffff,512,Night
831,89f05aa6397ffff,512,Night
787,89f05aa620bffff,468,Night
788,89f05aa6667ffff,468,Night
786,89f05aa62c7ffff,468,Night
790,89f05aa621bffff,468,Night
789,89f05aa6677ffff,468,Night
466,89f05ab595bffff,454,Night
467,89f05ab594bffff,454,Night
518,89f05aa660fffff,446,Night
519,89f05aa6603ffff,446,Night
520,89f05aa62d7ffff,446,Night
521,89f05aa668bffff,446,Night
522,89f05aa666fffff,446,Night
523,89f05aa6613ffff,446,Night
765,89f05aa4477ffff,390,Night
630,89f05ab6c03ffff,386,Night
631,89f05ab6c8fffff,386,Night
632,89f05ab6cbbffff,386,Night
633,89f05ab6c83ffff,386,Night
635,89f05ab680bffff,386,Night
634,89f05ab6c07ffff,386,Night
628,89f05ab6c8bffff,386,Night
636,89f05ab6c0fffff,386,Night
637,89f05ab6c6fffff,386,Night
638,89f05ab6c93ffff,386,Night
639,89f0587922fffff,386,Night
640,89f05ab68d7ffff,386,Night
641,89f05ab681bffff,386,Night
642,89f05ab68c7ffff,386,Night
644,89f05ab6c87ffff,386,Night
645,89f05ab6c77ffff,386,Night
629,89f05ab6c17ffff,386,Night
643,89f05ab6c67ffff,386,Night
791,89f05ab4d43ffff,379,Night
793,89f05ab4d4fffff,379,Night
792,89f05ab48b7ffff,379,Night
387,89f05aa6063ffff,347,Night
386,89f05aa63d7ffff,347,Night
385,89f05aa606fffff,347,Night
384,89f05aa6077ffff,347,Night
383,89f05aa6067ffff,347,Night
382,89f05aa600fffff,347,Night
381,89f05aa6073ffff,347,Night
885,89f05aa6a0bffff,326,Night
867,89f05aa4c13ffff,326,Night
890,89f05aa4c83ffff,326,Night
891,89f05aa6e67ffff,326,Night
868,89f05aa6a17ffff,326,Night
871,89f05aa6ac7ffff,326,Night
870,89f05aa6a77ffff,326,Night
869,89f05aa6a8bffff,326,Night
879,89f05aa6a3bffff,326,Night
884,89f05aa6a73ffff,326,Night
883,89f05aa6a13ffff,326,Night
880,89f05aa4c8bffff,326,Night
876,89f05aa6a1bffff,326,Night
878,89f05aa6a67ffff,326,Night
877,89f05aa6a07ffff,326,Night
881,89f05aa6a0fffff,326,Night
875,89f05aa4c93ffff,326,Night
874,89f05aa6a2bffff,326,Night
873,89f05aa6a03ffff,326,Night
872,89f05aa6a8fffff,326,Night
889,89f05aa6a63ffff,326,Night
888,89f05aa4c9bffff,326,Night
887,89f05aa6a6fffff,326,Night
886,89f05aa6a83ffff,326,Night
865,89f05aa6a9bffff,326,Night
866,89f05aa6a93ffff,326,Night
882,89f05aa4cd7ffff,326,Night
942,89f05aa752fffff,308,Night
952,89f05aa7107ffff,308,Night
943,89f05aa7113ffff,308,Night
945,89f05aa7197ffff,308,Night
946,89f05aa7183ffff,308,Night
947,89f05aa7187ffff,308,Night
948,89f05aa710fffff,308,Night
949,89f05aa718bffff,308,Night
950,89f05aa71bbffff,308,Night
951,89f05aa7177ffff,308,Night
944,89f05aa7193ffff,308,Night
953,89f05aa7103ffff,308,Night
954,89f05aa7117ffff,308,Night
955,89f05aa718fffff,308,Night
815,89f05ab4c17ffff,294,Night
816,89f05ab4c83ffff,294,Night
814,89f05ab4c8fffff,294,Night
892,89f05aa624bffff,271,Night
893,89f05aa625bffff,271,Night
894,89f05aa71b3ffff,271,Night
895,89f05aa7527ffff,271,Night
485,89f05ab4b33ffff,270,Night
490,89f05ab4babffff,270,Night
489,89f05ab494bffff,270,Night
488,89f05ab4bbbffff,270,Night
487,89f05ab4b23ffff,270,Night
486,89f05ab4bb3ffff,270,Night
484,89f05ab4b2fffff,270,Night
1180,89f05aa4e83ffff,261,Night
1177,89f05aa4117ffff,261,Night
1178,89f05aa412bffff,261,Night
1174,89f05aa413bffff,261,Night
1173,89f05aa4e8fffff,261,Night
1172,89f05aa4e97ffff,261,Night
1171,89f05aa412fffff,261,Night
1179,89f05aa4107ffff,261,Night
1181,89f05aa4e93ffff,261,Night
1175,89f05aa4ebbffff,261,Night
1176,89f05aa4e87ffff,261,Night
1031,89f05ab494fffff,231,Night
1030,89f05869643ffff,231,Night
1032,89f05ab4bb7ffff,231,Night
1033,89f05ab4b27ffff,231,Night
1034,89f05ab4bafffff,231,Night
1029,89f05ab4ba7ffff,231,Night
1028,89f058696dbffff,231,Night
1027,89f05869653ffff,231,Night
1026,89f05ab4ba3ffff,231,Night
1023,89f05ab4943ffff,231,Night
1025,89f05ab4b37ffff,231,Night
1024,89f058696cbffff,231,Night
687,89f05aa6133ffff,223,Night
673,89f05aa61bbffff,223,Night
672,89f05aa65abffff,223,Night
671,89f05aa6533ffff,223,Night
674,89f05aa65bbffff,223,Night
688,89f05869253ffff,223,Night
700,89f058696c3ffff,223,Night
706,89f0586964fffff,223,Night
697,89f05aa65b7ffff,223,Night
699,89f05aa6ccbffff,223,Night
686,89f05869243ffff,223,Night
701,89f05aa61b3ffff,223,Night
702,89f058696cfffff,223,Night
703,89f05aa612fffff,223,Night
704,89f05869247ffff,223,Night
705,89f05aa6187ffff,223,Night
696,89f05aa6cdbffff,223,Night
685,89f05aa6123ffff,223,Night
684,89f05aa61abffff,223,Night
683,89f058692dbffff,223,Night
682,89f05aa61b7ffff,223,Night
681,89f05aa6197ffff,223,Night
680,89f05aa65afffff,223,Night
679,89f05aa6597ffff,223,Night
678,89f0586924fffff,223,Night
677,89f05aa6527ffff,223,Night
676,89f05aa6587ffff,223,Night
695,89f0586924bffff,223,Night
694,89f05aa61afffff,223,Night
693,89f05aa6523ffff,223,Night
692,89f05aa61a7ffff,223,Night
691,89f0586925bffff,223,Night
690,89f05aa652fffff,223,Night
675,89f05aa61a3ffff,223,Night
689,89f05aa65a7ffff,223,Night
698,89f0586927bffff,223,Night
491,89f05aa6a47ffff,222,Night
492,89f05aa6e6fffff,222,Night
493,89f05aa6e6bffff,222,Night
499,89f05aa6e1bffff,222,Night
500,89f05aa6e63ffff,222,Night
494,89f05aa6e77ffff,222,Night
506,89f05aa6e73ffff,222,Night
505,89f05aa6ac3ffff,222,Night
495,89f05aa6a57ffff,222,Night
496,89f05aa6a7bffff,222,Night
497,89f05aa6acfffff,222,Night
498,89f05aa6ad7ffff,222,Night
503,89f05aa6a6bffff,222,Night
502,89f05aa6e0bffff,222,Night
501,89f05aa6e7bffff,222,Night
504,89f05aa6ad3ffff,222,Night
822,89f05ab4e8bffff,221,Night
1344,89f05ab6a2bffff,208,Night
1126,89f05aa40d7ffff,190,Night
1117,89f05aa4463ffff,190,Night
1123,89f05aa446bffff,190,Night
1107,89f05aa408bffff,190,Night
1108,89f05aa4467ffff,190,Night
1109,89f05aa4473ffff,190,Night
1110,89f05aa400fffff,190,Night
1111,89f05aa43d7ffff,190,Night
1112,89f05aa4057ffff,190,Night
1113,89f05aa4303ffff,190,Night
1114,89f05aa4047ffff,190,Night
1115,89f05aa4013ffff,190,Night
1116,89f05aa40d3ffff,190,Night
1118,89f05aa4073ffff,190,Night
1119,89f05aa4063ffff,190,Night
1120,89f05aa409bffff,190,Night
1121,89f05aa401bffff,190,Night
1122,89f05aa447bffff,190,Night
1131,89f05aa40c7ffff,190,Night
1106,89f05aa430fffff,190,Night
1125,89f05aa4093ffff,190,Night
1127,89f05aa438bffff,190,Night
1128,89f05aa446fffff,190,Night
1104,89f05aa4003ffff,190,Night
1129,89f05aa4313ffff,190,Night
1130,89f05aa400bffff,190,Night
1124,89f05aa442bffff,190,Night
1132,89f05aa406fffff,190,Night
1105,89f05aa40c3ffff,190,Night
851,89f05aa41b3ffff,186,Night
854,89f05aa4137ffff,186,Night
849,89f05aa41b7ffff,186,Night
848,89f05aa41afffff,186,Night
852,89f05aa6a4fffff,186,Night
853,89f05aa4c5bffff,186,Night
864,89f05ab6bc3ffff,186,Night
855,89f05aa6a4bffff,186,Night
856,89f05aa41a3ffff,186,Night
863,89f05ab6bc7ffff,186,Night
857,89f05aa4127ffff,186,Night
858,89f05ab6b1bffff,186,Night
859,89f05ab6b0bffff,186,Night
860,89f05ab6bcfffff,186,Night
861,89f05ab6b47ffff,186,Night
862,89f05ab6b57ffff,186,Night
850,89f05aa4c4bffff,186,Night
1022,89f05ab6cc7ffff,183,Night
1021,89f05ab6c47ffff,183,Night
1020,89f05ab68d3ffff,183,Night
1019,89f05ab6c7bffff,183,Night
1018,89f05ab6c4fffff,183,Night
1017,89f05ab6c57ffff,183,Night
1016,89f05ab6c6bffff,183,Night
1015,89f05ab6ccfffff,183,Night
1014,89f05ab6cc3ffff,183,Night
902,89f05ab6913ffff,162,Night
903,89f05ab690fffff,162,Night
910,89f05ab6d3bffff,162,Night
909,89f05ab6903ffff,162,Night
907,89f05ab698bffff,162,Night
906,89f05ab6d8fffff,162,Night
905,89f05ab6d17ffff,162,Night
904,89f05ab6d83ffff,162,Night
908,89f0586b68bffff,162,Night
901,89f05ab6993ffff,162,Night
900,89f05ab6977ffff,162,Night
899,89f05ab6d07ffff,162,Night
898,89f05ab6967ffff,162,Night
897,89f05ab699bffff,162,Night
896,89f05ab6d2bffff,162,Night
1246,89f05aa4567ffff,159,Night
1257,89f05aa4167ffff,159,Night
1256,89f05aa418bffff,159,Night
1255,89f05aa453bffff,159,Night
1254,89f05aa4113ffff,159,Night
1253,89f05aa450fffff,159,Night
1252,89f05aa4103ffff,159,Night
1251,89f05aa419bffff,159,Night
1250,89f05aa4177ffff,159,Night
1247,89f05aa4577ffff,159,Night
842,89f05ab4b73ffff,159,Night
847,89f05aa651bffff,159,Night
837,89f05ab4b0bffff,159,Night
846,89f05ab4bc7ffff,159,Night
1249,89f05aa4e9bffff,159,Night
833,89f05ab4bd7ffff,159,Night
834,89f05ab4b63ffff,159,Night
835,89f05aa65d7ffff,159,Night
836,89f05aa65c7ffff,159,Night
1248,89f05aa410fffff,159,Night
838,89f05ab4b1bffff,159,Night
840,89f05ab4b0fffff,159,Night
841,89f05ab4b77ffff,159,Night
843,89f05ab4b67ffff,159,Night
839,89f05aa656bffff,159,Night
844,89f05aa659bffff,159,Night
845,89f05ab4b6fffff,159,Night
339,89f05ab4d9bffff,157,Night
1233,89f05aa40cbffff,157,Night
1232,89f05aa40dbffff,157,Night
336,89f05ab4d8bffff,157,Night
337,89f05ab4d1bffff,157,Night
338,89f05ab4dc7ffff,157,Night
1231,89f05aa46a7ffff,157,Night
340,89f05ab4d13ffff,157,Night
823,89f05ab6ea3ffff,156,Night
1067,89f05ab4b47ffff,154,Night
1059,89f05aa65d3ffff,154,Night
1060,89f05aa6427ffff,154,Night
1061,89f05ab4b6bffff,154,Night
1062,89f05ab4b7bffff,154,Night
1063,89f05aa65dbffff,154,Night
1064,89f05aa64a7ffff,154,Night
1065,89f05aa65cbffff,154,Night
1066,89f05aa655bffff,154,Night
1068,89f05aa64b7ffff,154,Night
1182,89f05ab6b9bffff,150,Night
1187,89f05ab6873ffff,150,Night
1186,89f05ab6863ffff,150,Night
1185,89f05ab6bd7ffff,150,Night
1184,89f05ab686fffff,150,Night
1183,89f05ab6b8bffff,150,Night
607,89f05aa4683ffff,144,Night
608,89f05aa4607ffff,144,Night
611,89f05aa462fffff,144,Night
610,89f05aa4617ffff,144,Night
604,89f05aa4297ffff,144,Night
606,89f05aa462bffff,144,Night
605,89f05aa468fffff,144,Night
603,89f05aa429bffff,144,Night
602,89f05aa4623ffff,144,Night
601,89f05aa4677ffff,144,Night
600,89f05aa4633ffff,144,Night
599,89f05aa460fffff,144,Night
612,89f05aa463bffff,144,Night
609,89f05aa4667ffff,144,Night
1202,89f05aa4123ffff,142,Night
1195,89f05aa452fffff,142,Night
1203,89f05aa418fffff,142,Night
1189,89f05aa4517ffff,142,Night
1190,89f05aa4523ffff,142,Night
1191,89f05aa452bffff,142,Night
1192,89f05aa4197ffff,142,Night
1193,89f05aa4183ffff,142,Night
1194,89f05aa4133ffff,142,Night
1196,89f05aa4533ffff,142,Night
1197,89f05aa4187ffff,142,Night
1198,89f05aa41abffff,142,Night
1199,89f05aa41bbffff,142,Night
1200,89f05aa4507ffff,142,Night
1201,89f05aa4193ffff,142,Night
1587,89f0586b69bffff,119,Noon
1589,89f0586b60bffff,119,Noon
1586,89f0586b6d7ffff,119,Noon
1588,89f0586b6c7ffff,119,Noon
975,89f05aa4603ffff,112,Night
970,89f05aa4687ffff,112,Night
972,89f05aa46abffff,112,Night
973,89f05aa46bbffff,112,Night
974,89f05aa712bffff,112,Night
969,89f05aa4693ffff,112,Night
976,89f05aa4697ffff,112,Night
968,89f05aa4613ffff,112,Night
967,89f05aa713bffff,112,Night
971,89f05aa468bffff,112,Night
221,89f05ab6b8fffff,110,Night
222,89f05ab6b83ffff,110,Night
223,89f05ab6b13ffff,110,Night
224,89f05ab6b93ffff,110,Night
957,89f05aa7127ffff,98,Night
958,89f05aa46b3ffff,98,Night
964,89f05aa444bffff,98,Night
965,89f05aa7137ffff,98,Night
966,89f05aa445bffff,98,Night
959,89f05aa7123ffff,98,Night
960,89f05aa7133ffff,98,Night
961,89f05aa71abffff,98,Night
956,89f05aa71afffff,98,Night
962,89f05aa712fffff,98,Night
963,89f05aa71a3ffff,98,Night
1474,89f05aa5c03ffff,94,Morning
1454,89f05aa5c83ffff,94,Morning
1453,89f05aa5c87ffff,94,Morning
1456,89f05aa5c97ffff,94,Morning
1452,89f05aa4293ffff,94,Morning
1451,89f05aa4213ffff,94,Morning
1450,89f05aa4267ffff,94,Morning
1449,89f05aa46afffff,94,Morning
1448,89f05aa4217ffff,94,Morning
1447,89f05aa422fffff,94,Morning
1472,89f05aa4627ffff,94,Morning
1457,89f05aa423bffff,94,Morning
1473,89f05aa404bffff,94,Morning
1462,89f05aa4203ffff,94,Morning
1470,89f05aa4637ffff,94,Morning
1459,89f05aa420fffff,94,Morning
1471,89f05aa4283ffff,94,Morning
1458,89f05aa5c9bffff,94,Morning
1461,89f05aa5c8fffff,94,Morning
1455,89f05aa4277ffff,94,Morning
1463,89f05aa5c93ffff,94,Morning
1464,89f05aa405bffff,94,Morning
1465,89f05aa4287ffff,94,Morning
1466,89f05aa5c13ffff,94,Morning
1467,89f05aa4207ffff,94,Morning
1468,89f05aa4223ffff,94,Morning
1469,89f05aa428fffff,94,Morning
1460,89f05aa428bffff,94,Morning
651,89f05879237ffff,92,Night
650,89f058793c3ffff,92,Night
653,89f058792a7ffff,92,Night
652,89f058793cfffff,92,Night
648,89f05879227ffff,92,Night
655,89f0587904fffff,92,Night
649,89f058793d3ffff,92,Night
654,89f058792afffff,92,Night
647,89f05879357ffff,92,Night
646,89f05ab6c97ffff,92,Night
666,89f058793cbffff,92,Night
665,89f058792b7ffff,92,Night
664,89f0587935bffff,92,Night
663,89f05879223ffff,92,Night
662,89f05879353ffff,92,Night
661,89f058792abffff,92,Night
660,89f058792a3ffff,92,Night
659,89f05879233ffff,92,Night
658,89f0587906bffff,92,Night
657,89f058793dbffff,92,Night
656,89f0587934bffff,92,Night
1134,89f05aa75afffff,89,Night
1133,89f05aa62dbffff,89,Night
1139,89f05aa7523ffff,89,Night
1135,89f05aa62cbffff,89,Night
1137,89f05aa62c3ffff,89,Night
1138,89f05aa7537ffff,89,Night
1140,89f05aa75a3ffff,89,Night
1141,89f05aa667bffff,89,Night
1142,89f05aa62d3ffff,89,Night
1143,89f05aa75b7ffff,89,Night
1144,89f05aa75a7ffff,89,Night
1136,89f05aa666bffff,89,Night
1426,89f0587b653ffff,87,Morning
1429,89f0587b643ffff,87,Morning
1417,89f0584c937ffff,87,Morning
1418,89f0587b64fffff,87,Morning
1428,89f0587b6d3ffff,87,Morning
1427,89f0587b24bffff,87,Morning
1423,89f0587b25bffff,87,Morning
1425,89f0584c9a3ffff,87,Morning
1424,89f0584c9b3ffff,87,Morning
1422,89f0584e96bffff,87,Morning
1421,89f0584cdb7ffff,87,Morning
1419,89f0587b6c3ffff,87,Morning
1420,89f0584c9afffff,87,Morning
794,89f05aa65c3ffff,82,Night
796,89f05aa654fffff,82,Night
797,89f05aa6543ffff,82,Night
799,89f05aa60a7ffff,82,Night
798,89f05aa61d3ffff,82,Night
795,89f05aa6037ffff,82,Night
807,89f05aa6143ffff,82,Night
801,89f05aa61c3ffff,82,Night
810,89f05aa6557ffff,82,Night
809,89f05aa61cbffff,82,Night
808,89f05aa6553ffff,82,Night
806,89f05aa61dbffff,82,Night
805,89f05aa6547ffff,82,Night
804,89f05aa60b7ffff,82,Night
803,89f05aa65cfffff,82,Night
802,89f05aa6153ffff,82,Night
811,89f05aa61cfffff,82,Night
800,89f05aa657bffff,82,Night
517,89f05aa6e9bffff,81,Night
511,89f05aa610fffff,81,Night
507,89f05aa6e13ffff,81,Night
508,89f05aa6103ffff,81,Night
509,89f05aa616fffff,81,Night
510,89f05aa6ed7ffff,81,Night
516,89f05aa6ec7ffff,81,Night
515,89f05aa6167ffff,81,Night
514,89f05aa6e03ffff,81,Night
513,89f05aa6e8bffff,81,Night
512,89f05aa6177ffff,81,Night
812,89f05ab4127ffff,75,Night
813,89f05ab4e87ffff,75,Night
1188,89f05ab5d03ffff,72,Night
913,89f05aa45c3ffff,63,Night
914,89f05aa45cfffff,63,Night
915,89f05aa636bffff,63,Night
911,89f05aa45cbffff,63,Night
917,89f05aa44afffff,63,Night
918,89f05aa6343ffff,63,Night
1437,89f05ab68bbffff,63,Morning
912,89f05aa44a3ffff,63,Night
919,89f05aa454fffff,63,Night
920,89f05aa634bffff,63,Night
921,89f05aa634fffff,63,Night
916,89f05aa44b7ffff,63,Night
1430,89f05ab6823ffff,63,Morning
1436,89f05ab695bffff,63,Morning
1435,89f05ab6807ffff,63,Morning
1434,89f05ab68abffff,63,Morning
1433,89f05ab683bffff,63,Morning
1432,89f05ab6887ffff,63,Morning
1431,89f05ab6827ffff,63,Morning
1442,89f05ab6c2fffff,63,Morning
1443,89f05ab6837ffff,63,Morning
1444,89f05ab6833ffff,63,Morning
1441,89f05ab6b97ffff,63,Morning
1439,89f05ab682bffff,63,Morning
1438,89f05ab6c23ffff,63,Morning
1446,89f05ab6817ffff,63,Morning
1445,89f05ab682fffff,63,Morning
1440,89f05ab6897ffff,63,Morning
926,89f05aa44a7ffff,63,Night
923,89f05aa44b3ffff,63,Night
929,89f05aa45d3ffff,63,Night
925,89f05aa6353ffff,63,Night
924,89f05aa45dbffff,63,Night
922,89f05aa637bffff,63,Night
927,89f05aa4543ffff,63,Night
928,89f05aa4553ffff,63,Night
733,89f05ab4d3bffff,55,Night
726,89f05ab4dabffff,55,Night
723,89f05ab4d33ffff,55,Night
722,89f05ab493bffff,55,Night
721,89f05ab4d2bffff,55,Night
725,89f05ab4917ffff,55,Night
735,89f05ab49bbffff,55,Night
732,89f05ab4d07ffff,55,Night
734,89f05ab4983ffff,55,Night
727,89f05ab498fffff,55,Night
728,89f05ab4993ffff,55,Night
729,89f05ab4903ffff,55,Night
730,89f05ab4913ffff,55,Night
731,89f05ab4907ffff,55,Night
724,89f05ab490fffff,55,Night
1222,89f05aa617bffff,54,Night
1217,89f05aa6563ffff,54,Night
1216,89f05aa6157ffff,54,Night
1215,89f05aa6147ffff,54,Night
1214,89f05aa650bffff,54,Night
1218,89f05aa658bffff,54,Night
1221,89f05aa656fffff,54,Night
1219,89f05aa616bffff,54,Night
1220,89f05aa6573ffff,54,Night
1504,89f05aa6377ffff,53,Noon
1503,89f05aa630fffff,53,Noon
1502,89f05aa6367ffff,53,Noon
1495,89f05aa4503ffff,53,Noon
1496,89f05aa6a5bffff,53,Noon
1497,89f05aa4583ffff,53,Noon
1498,89f05aa458fffff,53,Noon
1499,89f05aa4593ffff,53,Noon
1490,89f05aa45a3ffff,53,Noon
1500,89f05aa4537ffff,53,Noon
1494,89f05aa45abffff,53,Noon
1493,89f05aa45afffff,53,Noon
1492,89f05aa459bffff,53,Noon
1491,89f05aa458bffff,53,Noon
1501,89f05aa4527ffff,53,Noon
1489,89f05aa633bffff,53,Noon
1488,89f05aa4597ffff,53,Noon
1487,89f05aa632bffff,53,Noon
1486,89f05aa4587ffff,53,Noon
1485,89f05aa45bbffff,53,Noon
1484,89f05aa4513ffff,53,Noon
199,89f05ab4947ffff,51,Night
206,89f05ab49c3ffff,51,Night
200,89f05ab49c7ffff,51,Night
208,89f05ab490bffff,51,Night
201,89f05ab49cbffff,51,Night
209,89f05ab4957ffff,51,Night
202,89f05ab49cfffff,51,Night
203,89f05ab4953ffff,51,Night
204,89f05ab497bffff,51,Night
205,89f05ab496bffff,51,Night
207,89f05ab491bffff,51,Night
1577,89f0586b65bffff,49,Noon
1582,89f05ab6b23ffff,49,Noon
1585,89f05ab6b33ffff,49,Noon
1583,89f0586b64bffff,49,Noon
1584,89f05ab4d97ffff,49,Noon
1581,89f05ab4dbbffff,49,Noon
1579,89f05ab6b2fffff,49,Noon
1578,89f05ab4d87ffff,49,Noon
1576,89f05ab6b27ffff,49,Noon
1580,89f05ab6babffff,49,Noon
537,89f058692c7ffff,47,Night
542,89f05ab4977ffff,47,Night
541,89f05869647ffff,47,Night
540,89f058696c7ffff,47,Night
539,89f05ab4967ffff,47,Night
538,89f0586968bffff,47,Night
818,89f05aa6537ffff,47,Night
563,89f0586960fffff,47,Night
817,89f05aa65b3ffff,47,Night
819,89f0586965bffff,47,Night
820,89f05aa65a3ffff,47,Night
821,89f0586964bffff,47,Night
544,89f0586969bffff,47,Night
543,89f0586966bffff,47,Night
548,89f058696d7ffff,47,Night
545,89f058696d3ffff,47,Night
560,89f05869667ffff,47,Night
550,89f05869673ffff,47,Night
551,89f058692d7ffff,47,Night
552,89f0586961bffff,47,Night
553,89f0586967bffff,47,Night
554,89f05869663ffff,47,Night
555,89f0586960bffff,47,Night
556,89f05869613ffff,47,Night
557,89f05ab4973ffff,47,Night
558,89f05869603ffff,47,Night
546,89f05ab496fffff,47,Night
559,89f05ab4963ffff,47,Night
561,89f05869657ffff,47,Night
562,89f058692d3ffff,47,Night
549,89f0586966fffff,47,Night
547,89f05869677ffff,47,Night
984,89f05ab4d6fffff,46,Night
983,89f05ab4d0bffff,46,Night
982,89f05ab498bffff,46,Night
981,89f05ab49d7ffff,46,Night
980,89f05ab4d77ffff,46,Night
979,89f05ab4d67ffff,46,Night
978,89f05ab4d63ffff,46,Night
977,89f05ab49d3ffff,46,Night
985,89f05ab4d0fffff,46,Night
986,89f05ab4d03ffff,46,Night
987,89f05ab4d73ffff,46,Night
988,89f05ab499bffff,46,Night
1055,89f05aa4ed3ffff,41,Night
1170,89f05aa5db7ffff,41,Night
1147,89f05aa4a53ffff,41,Night
1145,89f05aa4ad7ffff,41,Night
1058,89f05aa41dbffff,41,Night
1057,89f05aa4ecfffff,41,Night
1056,89f05aa4157ffff,41,Night
1054,89f05aa4edbffff,41,Night
1053,89f05aa43a7ffff,41,Night
1052,89f05aa41cfffff,41,Night
1051,89f05aa43b7ffff,41,Night
1049,89f05aa4ec3ffff,41,Night
1048,89f05aa41d3ffff,41,Night
1047,89f05aa417bffff,41,Night
1046,89f05aa414fffff,41,Night
1045,89f05aa4153ffff,41,Night
1044,89f05aa4143ffff,41,Night
1043,89f05aa456bffff,41,Night
1042,89f05aa40a7ffff,41,Night
1041,89f05aa41cbffff,41,Night
1040,89f05aa4147ffff,41,Night
1039,89f05aa41c3ffff,41,Night
1146,89f05aa4e53ffff,41,Night
1148,89f05aa4acbffff,41,Night
1169,89f05aa5da3ffff,41,Night
1149,89f05aa5da7ffff,41,Night
1168,89f05aa4adbffff,41,Night
1167,89f05aa4a5bffff,41,Night
1166,89f05aa4ad3ffff,41,Night
1165,89f05aa4ac3ffff,41,Night
1164,89f05aa5d27ffff,41,Night
1163,89f05aa4a4bffff,41,Night
1162,89f05aa4e4fffff,41,Night
1161,89f05aa4a7bffff,41,Night
1160,89f05aa4acfffff,41,Night
1159,89f05aa4a4fffff,41,Night
1158,89f05aa4e6bffff,41,Night
1157,89f05aa4e7bffff,41,Night
1156,89f05aa5dafffff,41,Night
1155,89f05aa4e43ffff,41,Night
1154,89f05aa4a43ffff,41,Night
1153,89f05aa4a57ffff,41,Night
1152,89f05aa5d37ffff,41,Night
1151,89f05aa4a47ffff,41,Night
1150,89f05aa5db3ffff,41,Night
1050,89f05aa416bffff,41,Night
1078,89f05aa7593ffff,38,Night
1204,89f0586b6cfffff,38,Night
1081,89f05aa758bffff,38,Night
1069,89f05aa758fffff,38,Night
1087,89f05aa719bffff,38,Night
1086,89f05aa7583ffff,38,Night
1085,89f05aa7507ffff,38,Night
1084,89f05aa7503ffff,38,Night
1083,89f05ab5b0fffff,38,Night
1082,89f05aa7577ffff,38,Night
1080,89f05ab5b67ffff,38,Night
1070,89f05aa7513ffff,38,Night
1079,89f05ab5b77ffff,38,Night
1077,89f05aa7517ffff,38,Night
1076,89f05aa753bffff,38,Night
1075,89f05aa759bffff,38,Night
1074,89f05ab5b2bffff,38,Night
1073,89f05ab5b3bffff,38,Night
1072,89f05aa7567ffff,38,Night
1205,89f05ab696bffff,38,Night
1206,89f0586b6c3ffff,38,Night
1207,89f0586b6d3ffff,38,Night
1212,89f0586b657ffff,38,Night
1208,89f0586b6dbffff,38,Night
1213,89f05ab6ba7ffff,38,Night
1071,89f05aa752bffff,38,Night
1211,89f0586b653ffff,38,Night
1210,89f05ab6bb7ffff,38,Night
1209,89f0586b6cbffff,38,Night
1223,89f0586b2d7ffff,36,Night
1224,89f0586b21bffff,36,Night
1226,89f0586b663ffff,36,Night
1227,89f0586b20bffff,36,Night
1228,89f0586b673ffff,36,Night
1229,89f0586b61bffff,36,Night
1230,89f0586b2c7ffff,36,Night
1225,89f0586b66fffff,36,Night
1728,89f05ab4e13ffff,35,Evening
1727,89f05ab4e03ffff,35,Evening
1245,89f05aa6113ffff,35,Night
1237,89f05aa653bffff,35,Night
1234,89f05aa6193ffff,35,Night
1235,89f05aa6107ffff,35,Night
1244,89f05aa6183ffff,35,Night
1236,89f05aa652bffff,35,Night
1243,89f05aa618bffff,35,Night
1242,89f05aa613bffff,35,Night
1241,89f05aa619bffff,35,Night
1240,89f05aa6507ffff,35,Night
1239,89f05aa6117ffff,35,Night
1238,89f05aa618fffff,35,Night
1266,89f05ab582bffff,34,Night
1264,89f05ab5b83ffff,34,Night
1271,89f05ab5b8bffff,34,Night
1270,89f05ab5867ffff,34,Night
1269,89f05ab5b93ffff,34,Night
1268,89f05ab5b17ffff,34,Night
1267,89f05ab582fffff,34,Night
1265,89f05ab5833ffff,34,Night
1262,89f05ab5b03ffff,34,Night
1263,89f05ab5b9bffff,34,Night
1261,89f05ab5823ffff,34,Night
1260,89f05ab5b8fffff,34,Night
1259,89f05ab5b07ffff,34,Night
1258,89f05ab5b13ffff,34,Night
1012,89f05aa6403ffff,32,Night
1295,89f05aa4c2fffff,32,Night
1290,89f05aa6a37ffff,32,Night
1291,89f05aa48a7ffff,32,Night
1292,89f05aa4833ffff,32,Night
1294,89f05aa48b7ffff,32,Night
1293,89f05aa4cb3ffff,32,Night
1343,89f05aa6a2fffff,32,Night
1342,89f05aa6b5bffff,32,Night
1341,89f05aa4b93ffff,32,Night
1289,89f05aa4823ffff,32,Night
1013,89f05aa640fffff,32,Night
1279,89f05aa4883ffff,32,Night
1288,89f05aa6a33ffff,32,Night
1287,89f05aa4ba3ffff,32,Night
1286,89f05aa48a3ffff,32,Night
1285,89f05aa4837ffff,32,Night
1284,89f05aa4b83ffff,32,Night
1283,89f05aa6a27ffff,32,Night
1282,89f05aa4b33ffff,32,Night
1281,89f05aa482bffff,32,Night
1280,89f05aa4babffff,32,Night
1339,89f05aa4cafffff,32,Night
1340,89f05aa4b23ffff,32,Night
1323,89f05aa4887ffff,32,Night
1338,89f05aa488fffff,32,Night
1307,89f05aa4ca3ffff,32,Night
1317,89f05aa4807ffff,32,Night
1337,89f05aa4b87ffff,32,Night
1315,89f05aa48bbffff,32,Night
1314,89f05aa6b4bffff,32,Night
1313,89f05aa4bb3ffff,32,Night
1312,89f05aa48abffff,32,Night
1311,89f05aa482fffff,32,Night
1310,89f05aa4c27ffff,32,Night
1309,89f05aa4897ffff,32,Night
1308,89f05aa495bffff,32,Night
1306,89f05aa6aabffff,32,Night
1319,89f05aa4c97ffff,32,Night
1305,89f05aa6a87ffff,32,Night
1304,89f05aa4d4bffff,32,Night
1303,89f05aa6a23ffff,32,Night
1302,89f05aa4c17ffff,32,Night
1301,89f05aa4c07ffff,32,Night
1300,89f05aa4b97ffff,32,Night
1299,89f05aa4c87ffff,32,Night
1298,89f05aa483bffff,32,Night
1297,89f05aa4cabffff,32,Night
1296,89f05aa4c8fffff,32,Night
1318,89f05aa4cbbffff,32,Night
1316,89f05aa48b3ffff,32,Night
1320,89f05aa4817ffff,32,Night
1326,89f05aa4bbbffff,32,Night
1336,89f05aa6abbffff,32,Night
1335,89f05aa4d5bffff,32,Night
1334,89f05aa494bffff,32,Night
1333,89f05aa4c33ffff,32,Night
1332,89f05aa49dbffff,32,Night
1331,89f05aa49cbffff,32,Night
1330,89f05aa4c3bffff,32,Night
1329,89f05aa4827ffff,32,Night
1321,89f05aa4c23ffff,32,Night
1327,89f05aa4c37ffff,32,Night
1328,89f05aa4c2bffff,32,Night
1325,89f05aa4893ffff,32,Night
1322,89f05aa48afffff,32,Night
1324,89f05aa4953ffff,32,Night
1272,89f05ab6c33ffff,31,Night
1273,89f05ab6c3bffff,31,Night
1274,89f05ab6893ffff,31,Night
1278,89f05ab688fffff,31,Night
1277,89f05ab6cabffff,31,Night
1276,89f05ab6c2bffff,31,Night
1275,89f05ab6883ffff,31,Night
745,89f05aa711bffff,30,Night
743,89f05aa710bffff,30,Night
744,89f05aa716fffff,30,Night
742,89f05aa7173ffff,30,Night
741,89f05aa750fffff,30,Night
740,89f05aa7163ffff,30,Night
748,89f05aa7167ffff,30,Night
746,89f05aa46d7ffff,30,Night
747,89f05aa469bffff,30,Night
1381,89f05aa4c7bffff,29,Morning
1093,89f05ab6d4bffff,29,Night
1384,89f05aa4853ffff,29,Morning
1383,89f05aa48dbffff,29,Morning
1382,89f05aa4c47ffff,29,Morning
1092,89f05ab6d53ffff,29,Night
1380,89f05aa4c6bffff,29,Morning
1379,89f05aa48d3ffff,29,Morning
1378,89f05aa4c57ffff,29,Morning
1377,89f05aa4ccfffff,29,Morning
1376,89f05aa4cc7ffff,29,Morning
1375,89f05aa4eb7ffff,29,Morning
1103,89f05ab68a3ffff,29,Night
1102,89f05ab6d0bffff,29,Night
1101,89f05ab6d47ffff,29,Night
1100,89f05ab68a7ffff,29,Night
1099,89f05ab68b3ffff,29,Night
1098,89f05ab6d6bffff,29,Night
1097,89f05ab6d7bffff,29,Night
1096,89f05ab69dbffff,29,Night
1095,89f05ab68afffff,29,Night
1385,89f05aa4ea7ffff,29,Morning
1094,89f05ab68b7ffff,29,Night
1089,89f05ab6d4fffff,29,Night
1091,89f05ab6dcbffff,29,Night
1374,89f05aa48cbffff,29,Morning
1088,89f05ab6d43ffff,29,Night
1090,89f05ab6d57ffff,29,Night
1391,89f05aa41c7ffff,27,Morning
1392,89f05aa41d7ffff,27,Morning
1390,89f05aa411bffff,27,Morning
1386,89f05aa416fffff,27,Morning
1387,89f05aa410bffff,27,Morning
1388,89f05aa4163ffff,27,Morning
1389,89f05aa4173ffff,27,Morning
1478,89f05aa6e17ffff,26,Noon
1475,89f05aa6e3bffff,26,Noon
1476,89f05aa6e0fffff,26,Noon
1480,89f05aa612bffff,26,Noon
1479,89f05aa6e2bffff,26,Noon
1483,89f05aa6e8fffff,26,Noon
1482,89f05aa6e83ffff,26,Noon
1481,89f05aa6e07ffff,26,Noon
1477,89f05aa6e93ffff,26,Noon
1826,89f05aa63d3ffff,23,Morning
1825,89f05aa601bffff,23,Morning
1818,89f05aa646fffff,23,Morning
1819,89f05aa6047ffff,23,Morning
1820,89f05aa6057ffff,23,Morning
1821,89f05aa60c7ffff,23,Morning
1822,89f05aa607bffff,23,Morning
1823,89f05aa606bffff,23,Morning
1824,89f05aa60d7ffff,23,Morning
1646,89f05aa4a07ffff,21,Noon
1640,89f05aa4a2bffff,21,Noon
1641,89f05bda493ffff,21,Noon
1642,89f05aa4e2fffff,21,Noon
1643,89f05aa4e2bffff,21,Noon
1644,89f05aa4a8fffff,21,Noon
1645,89f05aa4e3bffff,21,Noon
1647,89f05aa4eabffff,21,Noon
1648,89f05aa4a93ffff,21,Noon
1649,89f05aa4a3bffff,21,Noon
1650,89f05aa4e23ffff,21,Noon
1651,89f05aa4a17ffff,21,Noon
1652,89f05aa4a97ffff,21,Noon
1653,89f05aa4e33ffff,21,Noon
1398,89f05bda42bffff,20,Morning
1397,89f05bda4bbffff,20,Morning
1413,89f05bda40fffff,20,Morning
1415,89f05bda487ffff,20,Morning
1393,89f05bda413ffff,20,Morning
1412,89f05bda093ffff,20,Morning
1411,89f05bda433ffff,20,Morning
1396,89f05bda09bffff,20,Morning
1410,89f05bda097ffff,20,Morning
1409,89f05bda467ffff,20,Morning
1408,89f05bda4b3ffff,20,Morning
1414,89f05bda477ffff,20,Morning
1416,89f05bda48fffff,20,Morning
1395,89f05bda43bffff,20,Morning
1394,89f05bda083ffff,20,Morning
1407,89f05bda417ffff,20,Morning
1406,89f05bda087ffff,20,Morning
1405,89f05bda407ffff,20,Morning
1404,89f05bda403ffff,20,Morning
1403,89f05bda483ffff,20,Morning
1402,89f05bda42fffff,20,Morning
1401,89f05bda4abffff,20,Morning
1400,89f05bda423ffff,20,Morning
1399,89f05bda48bffff,20,Morning
1713,89f05ab6c37ffff,19,Evening
1716,89f05ab6cafffff,19,Evening
1715,89f05ab6ca7ffff,19,Evening
1714,89f05ab6d5bffff,19,Evening
1710,89f05ab6cb7ffff,19,Evening
1712,89f05ab6cb3ffff,19,Evening
1711,89f05879343ffff,19,Evening
1718,89f05ab6ddbffff,19,Evening
1717,89f05879347ffff,19,Evening
1722,89f05ab6ca3ffff,19,Evening
1719,89f05ab6c27ffff,19,Evening
1720,89f0587934fffff,19,Evening
1721,89f0587937bffff,19,Evening
1604,89f05aa4c0bffff,17,Noon
1603,89f05aa4c73ffff,17,Noon
1602,89f05aa48c7ffff,17,Noon
1601,89f05aa4c0fffff,17,Noon
1600,89f05aa4c67ffff,17,Noon
1599,89f05aa4c77ffff,17,Noon
1598,89f05aa48c3ffff,17,Noon
1597,89f05aa4c63ffff,17,Noon
1596,89f05aa48cfffff,17,Noon
1595,89f05aa4c03ffff,17,Noon
1594,89f05aa48d7ffff,17,Noon
1593,89f05aa4c6fffff,17,Noon
1605,89f05aa4c1bffff,17,Noon
1612,89f05ab69cbffff,16,Noon
1613,89f05ab69cfffff,16,Noon
1614,89f05ab6d63ffff,16,Noon
1618,89f05ab6953ffff,16,Noon
1617,89f05ab6957ffff,16,Noon
1616,89f05ab694fffff,16,Noon
1615,89f05ab6d73ffff,16,Noon
1611,89f05ab6943ffff,16,Noon
1620,89f05ab69c3ffff,16,Noon
1610,89f05ab6947ffff,16,Noon
1619,89f05ab69d3ffff,16,Noon
1735,89f05ab6bbbffff,15,Evening
1739,89f05ab6ba3ffff,15,Evening
1737,89f05ab6bafffff,15,Evening
1736,89f05ab6bb3ffff,15,Evening
1738,89f05ab6b37ffff,15,Evening
1734,89f05ab694bffff,15,Evening
1869,89f05aa4ac7ffff,13,Noon
1870,89f05aa4e77ffff,13,Noon
1868,89f05aa4a13ffff,13,Noon
1871,89f05aa4a83ffff,13,Noon
1872,89f05aa4a8bffff,13,Noon
1873,89f05aa4a03ffff,13,Noon
1874,89f05aa4a9bffff,13,Noon
1875,89f05aa4e13ffff,13,Noon
1876,89f05aa4a0bffff,13,Noon
1877,89f05aa4e17ffff,13,Noon
1878,89f05aa4e07ffff,13,Noon
1866,89f05aa4e0fffff,13,Noon
1865,89f05aa4e03ffff,13,Noon
1864,89f05aa4e67ffff,13,Noon
1867,89f05aa4a1bffff,13,Noon
1778,89f05ab4db3ffff,11,Evening
1685,89f05aa4b4fffff,11,Noon
1686,89f05aa4bcbffff,11,Noon
1773,89f0586b64fffff,11,Evening
1772,89f05ab4d37ffff,11,Evening
1771,89f05ab4da7ffff,11,Evening
1776,89f05ab4dafffff,11,Evening
1775,89f05ab4db7ffff,11,Evening
1774,89f05ab4da3ffff,11,Evening
1708,89f05aa487bffff,11,Noon
1707,89f05aa4b57ffff,11,Noon
1706,89f05aa4bdbffff,11,Noon
1705,89f05aa4ab3ffff,11,Noon
1704,89f05aa4b53ffff,11,Noon
1702,89f05aa4bcfffff,11,Noon
1701,89f05aa484fffff,11,Noon
1700,89f05aa4857ffff,11,Noon
1699,89f05aa4843ffff,11,Noon
1698,89f05aa4aa3ffff,11,Noon
1697,89f05aa4847ffff,11,Noon
1696,89f05aa4b5bffff,11,Noon
1695,89f05aa484bffff,11,Noon
1694,89f05aa486bffff,11,Noon
1777,89f0586b643ffff,11,Evening
1692,89f05aa4b43ffff,11,Noon
1691,89f05aa4b4bffff,11,Noon
1690,89f05aa4ab7ffff,11,Noon
1689,89f05aa4bc3ffff,11,Noon
1688,89f05aa4bd3ffff,11,Noon
1687,89f05aa4a27ffff,11,Noon
1693,89f05aa4aa7ffff,11,Noon
1703,89f05aa4a37ffff,11,Noon
1562,89f05aa6e47ffff,10,Noon
1568,89f05aa6ed3ffff,10,Noon
1557,89f05aa6ecfffff,10,Noon
1558,89f05aa611bffff,10,Noon
1559,89f05aa6583ffff,10,Noon
1560,89f05aa6567ffff,10,Noon
1561,89f05aa61c7ffff,10,Noon
1563,89f05aa610bffff,10,Noon
1564,89f05aa6503ffff,10,Noon
1565,89f05aa658fffff,10,Noon
1566,89f05aa6e57ffff,10,Noon
1567,89f05aa6577ffff,10,Noon
1574,89f05aa6513ffff,10,Noon
1575,89f05aa6517ffff,10,Noon
1569,89f05aa6173ffff,10,Noon
1570,89f05aa6ec3ffff,10,Noon
1571,89f05aa61d7ffff,10,Noon
1572,89f05aa6163ffff,10,Noon
1573,89f05aa650fffff,10,Noon
1537,89f05aa4a23ffff,9,Noon
1531,89f05bda497ffff,9,Noon
1532,89f05aa4aafffff,9,Noon
1533,89f05aa4abbffff,9,Noon
1534,89f05aa4a33ffff,9,Noon
1535,89f05aa4a2fffff,9,Noon
1536,89f05aa4aabffff,9,Noon
1007,89f05aa454bffff,8,Night
1001,89f05aa414bffff,8,Night
1006,89f05aa4023ffff,8,Night
1005,89f05aa415bffff,8,Night
1004,89f05aa4033ffff,8,Night
1003,89f05aa4387ffff,8,Night
1002,89f05aa4397ffff,8,Night
991,89f05aa43bbffff,8,Night
1000,89f05aa4027ffff,8,Night
998,89f05aa40a3ffff,8,Night
997,89f05aa4323ffff,8,Night
996,89f05aa43abffff,8,Night
995,89f05aa40abffff,8,Night
994,89f05aa40bbffff,8,Night
1009,89f05aa4333ffff,8,Night
1008,89f05aa4037ffff,8,Night
999,89f05aa40b3ffff,8,Night
989,89f05aa43b3ffff,8,Night
1010,89f05aa402fffff,8,Night
992,89f05aa455bffff,8,Night
1800,89f05ab4a0bffff,8,Night
1011,89f05aa4427ffff,8,Night
990,89f05aa4437ffff,8,Night
993,89f05aa40afffff,8,Night
1663,89f05ab69d7ffff,7,Noon
1546,89f05869687ffff,7,Noon
1654,89f05ab6d0fffff,7,Noon
1655,89f05ab69c7ffff,7,Noon
1656,89f05ab6d6fffff,7,Noon
1657,89f05ab691bffff,7,Noon
1658,89f05ab6963ffff,7,Noon
1659,89f05ab690bffff,7,Noon
1660,89f05ab6973ffff,7,Noon
1661,89f05ab696fffff,7,Noon
1662,89f05ab697bffff,7,Noon
1524,89f05bda00bffff,7,Noon
1523,89f05bda06fffff,7,Noon
1517,89f05bda0c7ffff,7,Noon
1518,89f05bda473ffff,7,Noon
1528,89f05bda0d7ffff,7,Noon
1527,89f05bda0cfffff,7,Noon
1526,89f05bda0c3ffff,7,Noon
1525,89f05bda073ffff,7,Noon
1519,89f05bda0d3ffff,7,Noon
1520,89f05bda057ffff,7,Noon
1521,89f05bda01bffff,7,Noon
1522,89f05bda063ffff,7,Noon
1516,89f05bda46fffff,7,Noon
1545,89f05ab492fffff,7,Noon
1590,89f05ab6a4fffff,7,Noon
1591,89f05ab6a53ffff,7,Noon
1547,89f05ab492bffff,7,Noon
1548,89f05ab4987ffff,7,Noon
1549,89f0586968fffff,7,Noon
1550,89f05ab4d23ffff,7,Noon
1551,89f05869683ffff,7,Noon
1552,89f05869617ffff,7,Noon
1553,89f05ab4923ffff,7,Noon
1554,89f05869633ffff,7,Noon
1530,89f05bda047ffff,7,Noon
1555,89f05ab4d2fffff,7,Noon
1529,89f05bda463ffff,7,Noon
1544,89f05ab4997ffff,7,Noon
1543,89f05869607ffff,7,Noon
1592,89f05ab6a43ffff,7,Noon
1556,89f05869697ffff,7,Noon
1538,89f058696bbffff,7,Noon
1539,89f05ab4933ffff,7,Noon
1540,89f05869623ffff,7,Noon
1541,89f05ab49abffff,7,Noon
1542,89f05869693ffff,7,Noon
1511,89f05aa4873ffff,6,Noon
1512,89f05aa4863ffff,6,Noon
1508,89f05aa480bffff,6,Noon
1505,89f05aa481bffff,6,Noon
1506,89f05aa4bc7ffff,6,Noon
1507,89f05aa4bd7ffff,6,Noon
1515,89f05aa4813ffff,6,Noon
1509,89f05aa4b1bffff,6,Noon
1513,89f05aa488bffff,6,Noon
1514,89f05aa489bffff,6,Noon
1510,89f05aa486fffff,6,Noon
1684,89f05aa6e97ffff,5,Noon
1895,89f0584e933ffff,5,Noon
1897,89f0584e927ffff,5,Noon
1898,89f0584e9a7ffff,5,Noon
1899,89f0587b45bffff,5,Noon
1900,89f05845e47ffff,5,Noon
1901,89f0587b28fffff,5,Noon
1902,89f0587b28bffff,5,Noon
1903,89f0587b4dbffff,5,Noon
1904,89f0584edb7ffff,5,Noon
1905,89f0587b623ffff,5,Noon
1906,89f05845a4bffff,5,Noon
1907,89f05845e57ffff,5,Noon
1683,89f05aa6ab3ffff,5,Noon
1909,89f0587b293ffff,5,Noon
1910,89f05845e7bffff,5,Noon
1911,89f0587b6bbffff,5,Noon
1912,89f05845e63ffff,5,Noon
1913,89f05845a4fffff,5,Noon
1914,89f0587b607ffff,5,Noon
1915,89f0587b44bffff,5,Noon
1916,89f0587b62bffff,5,Noon
1917,89f05845acbffff,5,Noon
1918,89f0584e9a3ffff,5,Noon
1919,89f0584e9b7ffff,5,Noon
1920,89f0584eda3ffff,5,Noon
1921,89f0587b62fffff,5,Noon
1896,89f05845acfffff,5,Noon
1894,89f0587b243ffff,5,Noon
1923,89f0587b283ffff,5,Noon
1893,89f0587b2c3ffff,5,Noon
2023,89f05ab411bffff,5,Morning
2024,89f05ab410bffff,5,Morning
2025,89f05ab41d7ffff,5,Morning
2026,89f05ab41c7ffff,5,Morning
1879,89f0587b67bffff,5,Noon
1880,89f0587b253ffff,5,Noon
1881,89f0584cda7ffff,5,Noon
1882,89f0587b663ffff,5,Noon
1883,89f0587b2d3ffff,5,Noon
1884,89f0587b657ffff,5,Noon
1885,89f0587b647ffff,5,Noon
1886,89f0587b24fffff,5,Noon
1887,89f0587b2cbffff,5,Noon
1888,89f0587b66fffff,5,Noon
1889,89f0587b6cfffff,5,Noon
1890,89f0587b66bffff,5,Noon
1891,89f0587b2cfffff,5,Noon
1785,89f05ab6813ffff,5,Evening
1784,89f05ab688bffff,5,Evening
1783,89f05ab689bffff,5,Evening
1782,89f05ab680fffff,5,Evening
1781,89f05ab6877ffff,5,Evening
1780,89f05ab6867ffff,5,Evening
1779,89f05ab6803ffff,5,Evening
1892,89f0587b2dbffff,5,Noon
1922,89f0587b4cbffff,5,Noon
1908,89f05845e6bffff,5,Noon
1924,89f0584ed37ffff,5,Noon
1946,89f05845a43ffff,5,Noon
1944,89f0584eda7ffff,5,Noon
1943,89f0584e937ffff,5,Noon
1942,89f0584e923ffff,5,Noon
1941,89f0587b617ffff,5,Noon
1940,89f05845e0bffff,5,Noon
1939,89f05845adbffff,5,Noon
1938,89f0587b677ffff,5,Noon
1937,89f05845ac3ffff,5,Noon
1666,89f05aa6137ffff,5,Noon
1667,89f05aa6c5bffff,5,Noon
1925,89f05845ad3ffff,5,Noon
1669,89f05aa6eabffff,5,Noon
1670,89f05aa6e2fffff,5,Noon
1671,89f05aa6127ffff,5,Noon
1672,89f05aa6eb7ffff,5,Noon
1673,89f05aa6e37ffff,5,Noon
1674,89f05aa6c4bffff,5,Noon
1675,89f05aa6eafffff,5,Noon
1676,89f05aa6ea3ffff,5,Noon
1677,89f05aa6ebbffff,5,Noon
1678,89f05aa6e87ffff,5,Noon
1679,89f05aa6eb3ffff,5,Noon
1680,89f05aa685bffff,5,Noon
1681,89f05aa6a97ffff,5,Noon
1682,89f05aa6c4fffff,5,Noon
1945,89f0587b633ffff,5,Noon
1668,89f05aa6e33ffff,5,Noon
1931,89f05845e43ffff,5,Noon
1935,89f05845a53ffff,5,Noon
1928,89f0587b6b3ffff,5,Noon
1929,89f0587b667ffff,5,Noon
1930,89f0584edafffff,5,Noon
1932,89f0587b63bffff,5,Noon
1954,89f0584e92fffff,5,Noon
1953,89f0584e9afffff,5,Noon
1933,89f0587b603ffff,5,Noon
1927,89f05845e73ffff,5,Noon
1934,89f0587b29bffff,5,Noon
1936,89f0584e9b3ffff,5,Noon
1952,89f0587b213ffff,5,Noon
1926,89f0587b60fffff,5,Noon
1951,89f0587b6a3ffff,5,Noon
1950,89f0587b697ffff,5,Noon
1949,89f0587b687ffff,5,Noon
1948,89f0587b6abffff,5,Noon
1947,89f05845e4fffff,5,Noon
1995,89f05aa4e0bffff,4,Evening
1963,89f05ab4a53ffff,4,Noon
1989,89f05aa4867ffff,4,Noon
1990,89f05aa4b13ffff,4,Noon
1991,89f05aa4ed7ffff,4,Evening
1992,89f05aa4e57ffff,4,Evening
1993,89f05aa4e73ffff,4,Evening
1994,89f05aa4e63ffff,4,Evening
1038,89f058692cfffff,4,Night
1996,89f05aa4ec7ffff,4,Evening
1997,89f05aa4e8bffff,4,Evening
1998,89f05aa4e6fffff,4,Evening
1961,89f05ab4acfffff,4,Noon
1035,89f05869257ffff,4,Night
1987,89f05aa4b77ffff,4,Noon
1999,89f05aa4e1bffff,4,Evening
1988,89f05aa4b0fffff,4,Noon
2067,89f05ab45bbffff,4,Morning
1986,89f05aa4b03ffff,4,Noon
1985,89f05aa480fffff,4,Noon
1036,89f058692cbffff,4,Night
1709,89f05ab41afffff,4,Evening
2001,89f05aa4ecbffff,4,Evening
1957,89f05ab4a47ffff,4,Noon
1958,89f05ab4ac7ffff,4,Noon
1959,89f05ab4a57ffff,4,Noon
1960,89f05ab4ad7ffff,4,Noon
1981,89f05aa4b8bffff,4,Noon
1962,89f05ab4e6fffff,4,Noon
2068,89f05ab6e4bffff,4,Morning
1037,89f058692c3ffff,4,Night
2066,89f05ab45abffff,4,Morning
1982,89f05aa4803ffff,4,Noon
1983,89f05aa4877ffff,4,Noon
1984,89f05aa4b9bffff,4,Noon
2000,89f05aa4e47ffff,4,Evening
1860,89f05ab6a8bffff,3,Noon
1861,89f05ab6a03ffff,3,Noon
1862,89f05ab6a0fffff,3,Noon
1863,89f05ab6a13ffff,3,Noon
2095,89f05bda05bffff,3,Morning
2100,89f05aa592fffff,3,Morning
2096,89f05bda627ffff,3,Morning
2102,89f05bda6a3ffff,3,Morning
2101,89f05bda6b7ffff,3,Morning
1743,89f0584e98bffff,3,Evening
2099,89f05bda6b3ffff,3,Morning
2098,89f05bda6a7ffff,3,Morning
2097,89f05bda447ffff,3,Morning
1742,89f0584ed67ffff,3,Evening
2104,89f05aa5923ffff,3,Morning
2094,89f05bda45bffff,3,Morning
1744,89f0584e9d7ffff,3,Evening
1740,89f0584e97bffff,3,Evening
2116,89f05bda457ffff,3,Morning
2117,89f05bda44bffff,3,Morning
2118,89f05aa59a7ffff,3,Morning
2103,89f05bda687ffff,3,Morning
2105,89f05aa5937ffff,3,Morning
2120,89f05aa59afffff,3,Morning
2114,89f05bda443ffff,3,Morning
1746,89f0584e947ffff,3,Evening
1747,89f0584e9c3ffff,3,Evening
1748,89f0584e9c7ffff,3,Evening
1749,89f0584e99bffff,3,Evening
1750,89f0584e9cfffff,3,Evening
2115,89f05bda6afffff,3,Morning
2113,89f05bda637ffff,3,Morning
2106,89f05bda47bffff,3,Morning
2112,89f05bda453ffff,3,Morning
2111,89f05bda44fffff,3,Morning
2110,89f05aa5933ffff,3,Morning
2109,89f05bda46bffff,3,Morning
2108,89f05bda0dbffff,3,Morning
2107,89f05bda4cbffff,3,Morning
2119,89f05bda697ffff,3,Morning
1741,89f0584e957ffff,3,Evening
1745,89f0584ed2bffff,3,Evening
1606,89f0587936bffff,3,Noon
1607,89f05ab6dd3ffff,3,Noon
1608,89f05ab6dcfffff,3,Noon
1609,89f05ab6dc3ffff,3,Noon
2121,89f05bda6bbffff,3,Morning
2122,89f05bda04bffff,3,Morning
2123,89f05aa5927ffff,3,Morning
2148,89f05bda3cfffff,2,Night
1726,89f05ab4533ffff,2,Evening
2142,89f05bda2a3ffff,2,Night
2143,89f05bda3d3ffff,2,Night
2144,89f05bda3cbffff,2,Night
2145,89f05bda0cbffff,2,Night
2146,89f05bda353ffff,2,Night
2147,89f05bda07bffff,2,Night
2152,89f05bda053ffff,2,Night
2149,89f05bda06bffff,2,Night
2150,89f05bda04fffff,2,Night
2151,89f05bda3dbffff,2,Night
2093,89f05aa636fffff,2,Evening
2153,89f05bda2b3ffff,2,Night
2154,89f05bda043ffff,2,Night
2155,89f05bda2a7ffff,2,Night
2140,89f05bda2b7ffff,2,Night
1725,89f05ab4523ffff,2,Evening
2092,89f05aa45c7ffff,2,Evening
1795,89f05869347ffff,2,Evening
1724,89f05ab45a3ffff,2,Evening
1723,89f05ab45b3ffff,2,Evening
1665,89f05ab6e77ffff,2,Noon
1664,89f05ab6e0fffff,2,Noon
2069,89f05ab4e8fffff,2,Morning
1798,89f05aa6dcbffff,2,Evening
1797,89f05aa6837ffff,2,Evening
2091,89f05aa45d7ffff,2,Evening
1796,89f0586937bffff,2,Evening
2141,89f05bda3c3ffff,2,Night
1794,89f05aa6d53ffff,2,Evening
1793,89f05aa6d43ffff,2,Evening
1792,89f05aa6ddbffff,2,Evening
1791,89f0586936bffff,2,Evening
1790,89f05aa68afffff,2,Evening
1789,89f05aa6ca7ffff,2,Evening
1788,89f05aa6827ffff,2,Evening
2070,89f05ab412fffff,2,Morning
2071,89f05ab4e83ffff,2,Morning
1978,89f0587940bffff,1,Noon
1976,89f058794d7ffff,1,Noon
1975,89f058794c7ffff,1,Noon
1974,89f0584c9b7ffff,1,Noon
1973,89f058794dbffff,1,Noon
1972,89f058794d3ffff,1,Noon
1977,89f05879457ffff,1,Noon
2019,89f0587b69bffff,1,Night
2018,89f0587b61bffff,1,Night
2007,89f0584e967ffff,1,Night
2027,89f05bda577ffff,1,Noon
2022,89f05ab41b3ffff,1,Evening
2021,89f0584e977ffff,1,Night
2020,89f0587b613ffff,1,Night
2002,89f0584e983ffff,1,Night
2003,89f0584e90fffff,1,Night
2004,89f0587b673ffff,1,Night
2005,89f0584e96fffff,1,Night
2006,89f0587b6d7ffff,1,Night
2008,89f0584e913ffff,1,Night
1970,89f05879473ffff,1,Noon
2009,89f0587b68bffff,1,Night
2010,89f0584e993ffff,1,Night
2011,89f0587b60bffff,1,Night
2012,89f0584e91bffff,1,Night
2013,89f0584e973ffff,1,Night
2014,89f0587b6c7ffff,1,Night
2015,89f0584e90bffff,1,Night
2016,89f0584e903ffff,1,Night
2017,89f0584e963ffff,1,Night
2028,89f05bda597ffff,1,Noon
2029,89f05bda50fffff,1,Noon
2030,89f05bda5c7ffff,1,Noon
2031,89f05bda573ffff,1,Noon
1979,89f058794cbffff,1,Noon
1980,89f0587b26bffff,1,Noon
2048,89f05bda547ffff,1,Noon
2047,89f05bda51bffff,1,Noon
2046,89f05aa4b8fffff,1,Noon
2045,89f05bda58bffff,1,Noon
2044,89f05bda503ffff,1,Noon
2043,89f05bda50bffff,1,Noon
2042,89f05bda593ffff,1,Noon
2041,89f05aa4b3bffff,1,Noon
2040,89f05aa4b2fffff,1,Noon
2039,89f05bda59bffff,1,Noon
2038,89f05aa4b2bffff,1,Noon
2037,89f05aa4b07ffff,1,Noon
2036,89f05bda583ffff,1,Noon
2035,89f05bda513ffff,1,Noon
2034,89f05aa4b17ffff,1,Noon
2033,89f05aa4b67ffff,1,Noon
2032,89f05bda557ffff,1,Noon
1971,89f05879447ffff,1,Noon
1356,89f0584ec9bffff,1,Morning
1969,89f0584c9a7ffff,1,Noon
1629,89f05bda4c7ffff,1,Noon
1627,89f05bda4dbffff,1,Noon
1626,89f05bda49bffff,1,Noon
1804,89f05ab6e6fffff,1,Night
1805,89f0587949bffff,1,Morning
1806,89f05879413ffff,1,Morning
1807,89f0587b277ffff,1,Morning
1808,89f0587b203ffff,1,Morning
1809,89f05879493ffff,1,Morning
1810,89f0587b20fffff,1,Morning
1811,89f05879467ffff,1,Morning
1812,89f0587946fffff,1,Morning
1813,89f0587b267ffff,1,Morning
1815,89f05879477ffff,1,Morning
1816,89f05879403ffff,1,Morning
1817,89f0587940fffff,1,Morning
1368,89f0584ec77ffff,1,Morning
1367,89f0584ec13ffff,1,Morning
1366,89f0584ec93ffff,1,Morning
1365,89f05845233ffff,1,Morning
1364,89f0584ec8fffff,1,Morning
1363,89f0584ec8bffff,1,Morning
1362,89f0584ec63ffff,1,Morning
1361,89f0584ec73ffff,1,Morning
1628,89f05bda4cfffff,1,Noon
1630,89f05aa4a77ffff,1,Noon
1827,89f05845303ffff,1,Morning
1631,89f05aa59b7ffff,1,Noon
1373,89f0584522fffff,1,Morning
1372,89f0584ec0fffff,1,Morning
1371,89f05845267ffff,1,Morning
1370,89f0584ec97ffff,1,Morning
1369,89f0584522bffff,1,Morning
1732,89f05ab41bbffff,1,Evening
1731,89f05ab41abffff,1,Evening
1730,89f05ab413bffff,1,Evening
1729,89f05ab4107ffff,1,Evening
1639,89f05bda4c3ffff,1,Noon
1638,89f05bda41bffff,1,Noon
1637,89f05aa4a73ffff,1,Noon
1786,89f05ab6e67ffff,1,Evening
1787,89f05ab6a9bffff,1,Evening
1801,89f05ab6a1bffff,1,Night
1802,89f05ab6ac7ffff,1,Night
1803,89f05ab6ad7ffff,1,Night
1968,89f0587b273ffff,1,Noon
1636,89f05aa4a6fffff,1,Noon
1635,89f05bda4d7ffff,1,Noon
1634,89f05aa4a63ffff,1,Noon
1633,89f05bda4d3ffff,1,Noon
1632,89f05aa4a6bffff,1,Noon
1360,89f0584ec87ffff,1,Morning
1814,89f0587948bffff,1,Morning
1828,89f0584ed03ffff,1,Morning
1354,89f0584ec0bffff,1,Morning
1855,89f05ab418bffff,1,Noon
1856,89f05ab4567ffff,1,Noon
1625,89f05bda40bffff,1,Noon
1345,89f05aa4053ffff,1,Night
1623,89f05aa4a67ffff,1,Noon
1359,89f05845223ffff,1,Morning
1358,89f0584ec07ffff,1,Morning
1357,89f0584ec1bffff,1,Morning
1829,89f0584ed1bffff,1,Morning
1355,89f0584ec03ffff,1,Morning
1353,89f0584523bffff,1,Morning
1853,89f05ab4577ffff,1,Noon
1352,89f0584ec17ffff,1,Morning
1351,89f0584ec83ffff,1,Morning
1967,89f05879463ffff,1,Noon
1966,89f058794c3ffff,1,Noon
1965,89f0587b27bffff,1,Noon
1964,89f0587941bffff,1,Noon
1350,89f0584ecc7ffff,1,Morning
1349,89f0584ec6fffff,1,Morning
1348,89f05aa40cfffff,1,Night
1347,89f05aa404fffff,1,Night
1854,89f05ab419bffff,1,Noon
1624,89f05aa4a0fffff,1,Noon
1852,89f05ab4113ffff,1,Noon
1841,89f058453c7ffff,1,Morning
1830,89f0584ed9bffff,1,Morning
1831,89f0584531bffff,1,Morning
1832,89f0584ed13ffff,1,Morning
1833,89f0584ed0fffff,1,Morning
1834,89f0584e9d3ffff,1,Morning
1835,89f0584ed63ffff,1,Morning
1836,89f058453d7ffff,1,Morning
1837,89f0584530bffff,1,Morning
1838,89f05845367ffff,1,Morning
1839,89f0584530fffff,1,Morning
1851,89f0584ed8bffff,1,Morning
1840,89f05845377ffff,1,Morning
1346,89f05aa4043ffff,1,Night
1842,89f0584ed0bffff,1,Morning
1844,89f0584edc7ffff,1,Morning
1850,89f0584536fffff,1,Morning
1849,89f05845363ffff,1,Morning
1848,89f0584ed77ffff,1,Morning
1847,89f0584ed73ffff,1,Morning
1846,89f0584edd7ffff,1,Morning
1845,89f05845373ffff,1,Morning
1843,89f0584ed6fffff,1,Morning
1758,89f05aa6babffff,0,Evening
1752,89f05aa4d07ffff,0,Evening
1759,89f05aa4d2bffff,0,Evening
1753,89f05aa490fffff,0,Evening
1621,89f05ab6e13ffff,0,Noon
1751,89f05aa6bbbffff,0,Evening
1733,89f05ab6e8bffff,0,Evening
1622,89f05ab6e03ffff,0,Noon
1757,89f05aa499bffff,0,Evening
1756,89f05aa49d7ffff,0,Evening
1755,89f05aa4d17ffff,0,Evening
1754,89f05aa6b23ffff,0,Evening
2135,89f05aa5dabffff,0,Noon
2124,89f05ab41a3ffff,0,Noon
2133,89f05aa5dbbffff,0,Noon
1761,89f05aa4903ffff,0,Evening
2139,89f05aa5d87ffff,0,Noon
2138,89f05aa43a3ffff,0,Noon
2137,89f05aa4327ffff,0,Noon
2136,89f05aa5d07ffff,0,Noon
2134,89f05aa432fffff,0,Noon
2132,89f05aa4e5bffff,0,Noon
2125,89f05aa4e4bffff,0,Noon
2131,89f05aa5d33ffff,0,Noon
2130,89f05aa43afffff,0,Noon
2129,89f05aa5d23ffff,0,Noon
2128,89f05aa5d97ffff,0,Noon
2127,89f05aa4337ffff,0,Noon
2126,89f05aa5d17ffff,0,Noon
1760,89f05aa4d83ffff,0,Evening
2064,89f05ab6adbffff,0,Morning
1762,89f05aa4913ffff,0,Evening
2055,89f05ab453bffff,0,Morning
1799,89f05ab6e63ffff,0,Night
2065,89f05ab6acbffff,0,Morning
2063,89f05aa6053ffff,0,Morning
2062,89f05aa66a7ffff,0,Morning
2061,89f05aa6043ffff,0,Morning
2060,89f05aa60cbffff,0,Morning
2059,89f05aa604fffff,0,Morning
2058,89f05aa66b7ffff,0,Morning
2057,89f05aa60dbffff,0,Morning
2056,89f05ab4507ffff,0,Morning
2054,89f05ab4133ffff,0,Evening
2073,89f05ab6e4fffff,0,Morning
2053,89f05ab412bffff,0,Evening
2052,89f05ab4123ffff,0,Evening
2051,89f05ab4e93ffff,0,Evening
2050,89f05ab4193ffff,0,Evening
2049,89f05ab452bffff,0,Evening
1857,89f05ab6a4bffff,0,Noon
1858,89f05ab4527ffff,0,Noon
1859,89f05ab6a5bffff,0,Noon
1955,89f05ab6ad3ffff,0,Noon
1956,89f05ab6e6bffff,0,Noon
2072,89f05ab6e57ffff,0,Morning
2074,89f05ab6e43ffff,0,Morning
1763,89f05aa4d3bffff,0,Evening
2087,89f0587b2b3ffff,0,Noon
1764,89f05aa4d8fffff,0,Evening
1765,89f05aa498bffff,0,Evening
1766,89f05aa4d77ffff,0,Evening
1767,89f05aa6b33ffff,0,Evening
1768,89f05aa4d6fffff,0,Evening
1769,89f05aa4d93ffff,0,Evening
1770,89f05aa4d03ffff,0,Evening
2090,89f0587b2b7ffff,0,Noon
2089,89f0587b6afffff,0,Noon
2088,89f0587b0dbffff,0,Noon
2086,89f0587b627ffff,0,Noon
2075,89f05ab6ecfffff,0,Morning
2085,89f0587b053ffff,0,Noon
2084,89f0587b05bffff,0,Noon
2083,89f0587b44fffff,0,Noon
2082,89f0587b04fffff,0,Noon
2081,89f0587b6a7ffff,0,Noon
2080,89f0587b04bffff,0,Noon
2079,89f0587b043ffff,0,Noon
2078,89f0587b637ffff,0,Noon
2077,89f0587b0cbffff,0,Noon
2076,89f0587b6b7ffff,0,Noon
2156,89f05ab6a57ffff,0,Morning
