,routes,count,day_time
19,89f05ab4adbffff**89f05ab4e47ffff**89f05ab4e4fffff**89f05ab5db7ffff**89f05ab5da3ffff**89f05ab4e7bffff**89f05ab4e57ffff**89f05ab4e6bffff**89f05ab5da7ffff**89f05ab4ad3ffff,15158,Night
1,89f05ab4e43ffff**89f05ab4ecbffff**89f05ab4e53ffff**89f05ab4ec3ffff**89f05ab4edbffff**89f05ab4ed3ffff,14485,Night
23,89f05ab4e73ffff**89f05ab4ed7ffff**89f05ab4ec7ffff**89f05ab4ecfffff**89f05ab4e0bffff**89f05ab4e1bffff,14242,Night
8,89f05ab4a3bffff**89f05ab4a07ffff**89f05ab4a83ffff**89f05ab4a17ffff**89f05ab4a2bffff**89f05aa6483ffff**89f05aa648bffff**89f05ab4a93ffff**89f05ab4a67ffff**89f05aa6493ffff**89f05aa6413ffff**89f05ab4a8fffff**89f05aa649bffff,13469,Night
32,89f05ab43b7ffff**89f05ab414fffff**89f05ab43a7ffff**89f05ab4143ffff,13339,Night
3,89f05ab4cc7ffff**89f05ab4c73ffff**89f05ab4c0bffff**89f05ab4c1bffff,11777,Night
29,89f05aa60abffff**89f05aa6033ffff**89f05aa654bffff**89f05aa602bffff**89f05aa6023ffff**89f05aa60a3ffff**89f05aa6097ffff**89f05aa6087ffff**89f05aa60b3ffff**89f05aa602fffff**89f05aa60afffff,10114,Night
2,89f05ab5dbbffff**89f05ab5d17ffff**89f05ab4e5bffff**89f05ab4e4bffff**89f05ab5db3ffff**89f05ab5d87ffff,9769,Night
58,89f05ab5d13ffff**89f05ab5d93ffff**89f05ab5d9bffff**89f05ab5d83ffff**89f05ab5d8bffff**89f05ab4367ffff**89f05ab432bffff**89f05ab5d8fffff,8054,Night
31,89f05aa609bffff**89f05aa608fffff**89f05aa6407ffff**89f05aa6093ffff**89f05aa6083ffff**89f05aa6007ffff**89f05aa6013ffff**89f05aa603bffff**89f05aa6017ffff**89f05aa6477ffff**89f05aa643bffff**89f05aa6003ffff**89f05aa600bffff**89f05aa642bffff**89f05aa6467ffff**89f05aa608bffff,7973,Night
13,89f05aa6337ffff**89f05aa6327ffff**89f05aa63abffff**89f05aa6e5bffff**89f05aa632fffff**89f05aa63a7ffff**89f05aa6e4fffff**89f05aa6e43ffff**89f05aa6323ffff**89f05aa45b3ffff**89f05aa6e53ffff**89f05aa6333ffff**89f05aa6ecbffff**89f05aa6e4bffff**89f05aa63afffff**89f05aa6edbffff,6339,Night
28,89f05ab6bdbffff**89f05ab6bcbffff**89f05ab686bffff**89f05ab6b53ffff**89f05ab687bffff**89f05ab6bd3ffff**89f05ab6aa7ffff**89f05ab6847ffff**89f05ab6ab7ffff,5918,Night
9,89f05ab4c8bffff**89f05ab4c0fffff**89f05ab4c13ffff**89f05ab4c03ffff**89f05ab4c9bffff,5803,Night
6,89f05ab4b4fffff**89f05aa6433ffff**89f05ab4bcbffff**89f05ab4b5bffff**89f05aa648fffff**89f05aa6487ffff**89f05aa64bbffff**89f05ab4b53ffff**89f05aa6417ffff**89f05ab4a27ffff**89f05aa6497ffff**89f05aa64b3ffff**89f05aa64abffff**89f05ab4b4bffff,5350,Night
10,89f05ab5d97ffff**89f05ab4333ffff**89f05ab4323ffff**89f05ab432fffff,5083,Night
26,89f05ab6a23ffff**89f05ab6a27ffff**89f05ab6a2fffff**89f05ab6aabffff**89f05ab6aafffff**89f05ab6a37ffff**89f05ab6a33ffff,5015,Night
11,89f05ab48cfffff**89f05ab4c6bffff**89f05ab48c3ffff**89f05ab4c7bffff**89f05ab4c57ffff**89f05ab4c47ffff**89f05ab4c63ffff**89f05ab4ccfffff**89f05ab48d3ffff,4702,Night
56,89f05ab6ab3ffff**89f05ab6aa3ffff**89f05ab685bffff**89f05ab684bffff,4622,Night
7,89f05ab4a63ffff**89f05aa64cfffff**89f05aa640bffff**89f05aa6457ffff**89f05aa6447ffff**89f05ab4a6fffff**89f05aa64c3ffff**89f05ab4a77ffff**89f05aa641bffff**89f05ab4a6bffff**89f05aa64c7ffff**89f05ab4a73ffff**89f05aa6473ffff**89f05aa6463ffff**89f05aa64d3ffff**89f05aa64d7ffff,4012,Night
46,89f05ab6e37ffff**89f05ab6e23ffff**89f05ab6eafffff**89f05ab6e2fffff**89f05ab6e27ffff,3886,Night
44,89f05aa457bffff**89f05aa451bffff**89f05aa4557ffff**89f05aa4547ffff**89f05aa450bffff**89f05aa4563ffff**89f05aa456fffff**89f05aa40b7ffff**89f05aa4573ffff,3748,Night
36,89f05ab4a23ffff**89f05ab4aa3ffff**89f05ab4a33ffff**89f05ab4aafffff**89f05ab4ab3ffff**89f05ab486bffff**89f05ab48cbffff**89f05ab485bffff**89f05ab4aa7ffff**89f05ab4bc3ffff**89f05ab4a2fffff**89f05ab484bffff**89f05ab4843ffff**89f05ab4a37ffff**89f05ab48dbffff**89f05ab4bcfffff**89f05ab4b57ffff**89f05ab4ab7ffff**89f05ab4ea7ffff**89f05ab4bdbffff**89f05ab4e27ffff**89f05ab4bd3ffff**89f05ab4b43ffff**89f05ab4aabffff**89f05ab4853ffff**89f05ab484fffff,3464,Night
54,89f05ab5d7bffff**89f05ab5d47ffff**89f05ab5d73ffff**89f05ab5d57ffff**89f05ab5dc7ffff**89f05ab5d0bffff**89f05ab5d1bffff,3218,Night
27,89f05ab6abbffff**89f05ab6a87ffff,3053,Night
20,89f05ab4c87ffff**89f05ab4c97ffff**89f05ab4cb3ffff**89f05ab4ca3ffff**89f05ab4cafffff**89f05ab4cbbffff**89f05ab6b4bffff**89f05ab6b5bffff**89f05ab4cabffff,2998,Night
64,89f05ab5d33ffff**89f05ab598bffff**89f05ab5913ffff**89f05ab5993ffff**89f05ab5d23ffff**89f05ab5d2bffff,2961,Night
42,89f05ab43a3ffff**89f05ab4327ffff**89f05ab43afffff**89f05ab4337ffff,2835,Night
5,89f05ab486fffff**89f05ab4873ffff**89f05ab489bffff**89f05ab4857ffff**89f05ab481bffff**89f05ab4847ffff**89f05ab48c7ffff**89f05ab48d7ffff**89f05ab4c77ffff**89f05ab480bffff**89f05ab487bffff**89f05ab4c67ffff**89f05ab4863ffff**89f05ab4c6fffff,2832,Night
16,89f05ab6a97ffff,2746,Night
15,89f05ab4c4fffff**89f05ab4c43ffff**89f05ab4eafffff**89f05ab4eb3ffff**89f05ab4c4bffff**89f05ab4ea3ffff**89f05ab4c53ffff**89f05ab4e37ffff**89f05ab4eb7ffff,2655,Night
18,89f05ab4897ffff**89f05ab4893ffff**89f05ab4c07ffff**89f05ab4c2fffff**89f05ab4c2bffff**89f05ab4c33ffff**89f05ab4c3bffff**89f05ab4c23ffff,2435,Night
12,89f05ab4827ffff**89f05ab4d53ffff**89f05ab48b3ffff**89f05ab4d5bffff**89f05ab4837ffff**89f05ab49dbffff**89f05ab4d4bffff**89f05ab4c37ffff**89f05ab4dcbffff**89f05ab4c27ffff**89f05ab48a3ffff**89f05ab48afffff**89f05ab4cb7ffff**89f05ab48a7ffff**89f05ab4ca7ffff**89f05ab495bffff**89f05ab4ddbffff,2406,Night
14,89f05ab5917ffff**89f05ab5983ffff**89f05ab598fffff**89f05ab590fffff**89f05ab5d2fffff**89f05ab5903ffff,2348,Night
25,89f05aa45a7ffff**89f05aa6a53ffff**89f05aa6acbffff**89f05aa45b7ffff**89f05aa6a43ffff**89f05aa6adbffff,2226,Night
73,89f05ab59b3ffff**89f05ab59a3ffff**89f05ab5d27ffff**89f05ab4a43ffff**89f05ab5d37ffff**89f05ab5dafffff**89f05ab4a4fffff**89f05ab5927ffff**89f05ab4a5bffff**89f05ab59b7ffff**89f05ab4a4bffff**89f05ab5937ffff**89f05ab59afffff**89f05ab59a7ffff,2201,Night
53,89f05ab59bbffff**89f05ab5987ffff**89f05ab59abffff**89f05ab5997ffff**89f05ab5923ffff**89f05ab5933ffff,2117,Night
0,89f05aa4cdbffff**89f05aa4ccbffff**89f05aa4a87ffff**89f05aa4c43ffff**89f05aa41a7ffff**89f05aa4e27ffff**89f05aa4c4fffff**89f05aa4ea3ffff**89f05aa485bffff**89f05aa4eb3ffff**89f05aa4cd3ffff**89f05aa4c53ffff**89f05aa4cc3ffff**89f05aa4eafffff**89f05aa4e37ffff,2051,Night
33,89f05ab4a03ffff**89f05ab4a8bffff**89f05ab4e67ffff**89f05ab4a13ffff**89f05ab4a9bffff**89f05ab4a0fffff,2017,Night
41,89f05ab4117ffff**89f05ab4187ffff**89f05ab4103ffff**89f05ab416fffff**89f05ab4183ffff**89f05ab416bffff**89f05ab418fffff**89f05ab4177ffff**89f05ab4163ffff**89f05ab410fffff**89f05ab4173ffff,1945,Night
40,,1908,Night
52,89f05aa638bffff**89f05aa6393ffff**89f05aa6303ffff**89f05aa6313ffff**89f05aa639bffff**89f05aa6383ffff,1820,Night
55,89f05ab59d3ffff**89f05ab5d6bffff**89f05ab5953ffff**89f05ab59dbffff**89f05ab59cbffff,1805,Night
49,89f05aa6423ffff**89f05aa64a3ffff**89f05aa6437ffff**89f05aa64afffff**89f05aa642fffff**89f05aa60bbffff,1756,Night
17,89f05ab4e23ffff**89f05ab4a87ffff**89f05ab4abbffff**89f05ab4e2fffff**89f05ab4a97ffff,1733,Night
34,89f05ab68cbffff**89f05ab68dbffff**89f05ab6ea7ffff**89f05ab6843ffff**89f05ab6853ffff,1664,Night
88,89f05aa63a3ffff**89f05aa63b3ffff**89f05aa614bffff**89f05aa6027ffff**89f05aa63b7ffff**89f05aa615bffff**89f05aa63bbffff**89f05aa614fffff,1639,Night
69,89f05ab4b3bffff**89f05ab4b07ffff**89f05ab4b83ffff**89f05ab4b2bffff**89f05ab4813ffff**89f05ab4803ffff**89f05ab4b8fffff**89f05ab482bffff**89f05ab4b17ffff**89f05ab488bffff**89f05ab4b93ffff**89f05ab483bffff**89f05aa6593ffff,1595,Night
72,89f05aa66dbffff**89f05aa75b3ffff**89f05ab5ba7ffff**89f05aa66cbffff**89f05aa664bffff**89f05aa665bffff,1593,Night
22,89f05ab590bffff**89f05aa66d3ffff**89f05ab5963ffff**89f05ab5973ffff**89f05ab596bffff,1571,Night
47,89f05ab6b43ffff**89f05ab6b4fffff,1529,Night
35,89f05ab5d6fffff**89f05ab591bffff**89f05ab59cfffff**89f05ab59d7ffff**89f05ab5957ffff**89f05ab59c7ffff**89f05ab5947ffff,1275,Night
4,89f05ab4887ffff**89f05ab4823ffff**89f05ab4833ffff**89f05ab4b97ffff**89f05ab48abffff**89f05ab488fffff**89f05ab4817ffff**89f05ab48bbffff**89f05ab4807ffff**89f05ab4883ffff**89f05ab482fffff**89f05ab4b87ffff,1151,Night
76,89f05aa62cfffff**89f05aa6663ffff**89f05aa661bffff**89f05aa66c7ffff**89f05aa660bffff**89f05aa6673ffff**89f05aa66cfffff,1103,Night
79,89f05aa75abffff**89f05aa75bbffff**89f05aa7587ffff**89f05aa7533ffff,1085,Night
83,89f05ab593bffff**89f05ab5907ffff**89f05ab592bffff**89f05aa669bffff,1062,Night
81,89f0586b647ffff**89f0586b2c3ffff**89f0586b2cbffff**89f0586b27bffff**89f0586b257ffff**89f0586b24fffff**89f0586b247ffff**89f0586b2d3ffff**89f0586b243ffff**89f0586b2cfffff**89f0586b253ffff**89f0586b2dbffff**89f0586b67bffff**89f0586b66bffff,1052,Night
90,89f05ab597bffff,1051,Night
43,89f05aa6647ffff**89f05aa664fffff**89f05aa6653ffff**89f05aa6643ffff**89f05aa6657ffff,1041,Night
59,89f05ab5bb7ffff**89f05ab594fffff**89f05ab5943ffff,1026,Night
62,89f05aa66c3ffff**89f05ab5967ffff**89f05ab596fffff**89f05aa66d7ffff**89f05ab5977ffff,1020,Night
63,89f05ab599bffff**89f05ab5d07ffff**89f05ab5d77ffff**89f05ab5d3bffff**89f05ab5d67ffff,1008,Night
57,89f05ab41cfffff**89f05ab4147ffff**89f05ab4157ffff**89f05ab417bffff,995,Night
45,89f05aa629bffff**89f05aa628bffff**89f05aa6203ffff**89f05aa6213ffff,964,Night
109,89f05aa4457ffff**89f05aa444fffff**89f05aa626bffff**89f05aa4443ffff**89f05aa46b7ffff**89f05aa4453ffff**89f05aa44cbffff**89f05aa44cfffff**89f05aa627bffff**89f05aa46a3ffff**89f05aa6257ffff**89f05aa6247ffff,929,Night
37,89f05ab4867ffff**89f05ab4b9bffff**89f05ab4b03ffff**89f05ab4b13ffff**89f05ab4b8bffff**89f05ab480fffff**89f05ab4877ffff,912,Night
85,89f05ab5b2fffff**89f05ab5b33ffff**89f05ab5b23ffff**89f05ab5ba3ffff**89f05ab5bb3ffff**89f05aa7597ffff**89f05ab5bafffff**89f05ab5b37ffff**89f05ab5b27ffff,883,Night
38,89f05aa6273ffff**89f05aa44d3ffff**89f05aa6263ffff,881,Night
50,89f05ab6857ffff**89f05ab68c3ffff**89f05ab68cfffff**89f05ab684fffff,829,Night
30,89f05ab4167ffff**89f05ab4e9bffff,779,Night
60,89f05aa662fffff**89f05aa6297ffff**89f05aa645bffff**89f05aa6633ffff**89f05aa6623ffff**89f05aa62bbffff**89f05aa6617ffff**89f05aa66bbffff**89f05aa668fffff**89f05aa6687ffff**89f05aa663bffff**89f05aa6287ffff**89f05aa66abffff**89f05aa6607ffff,711,Night
75,89f05ab5babffff**89f05ab5bbbffff**89f05ab5827ffff**89f05ab5b97ffff**89f05ab58afffff**89f05ab5837ffff**89f05ab5b87ffff**89f05ab58a3ffff,706,Night
51,89f05ab4dc3ffff**89f05ab4dd7ffff**89f05ab6b7bffff**89f05ab4d47ffff**89f05ab4dcfffff**89f05ab4d6bffff**89f05ab6b6bffff**89f05ab4d57ffff**89f05ab6b6fffff**89f05ab4dd3ffff**89f05ab4d7bffff,682,Night
71,89f05ab6b17ffff**89f05ab6b77ffff**89f05ab6b0fffff**89f05ab6b07ffff**89f05ab6b2bffff**89f05ab4d17ffff**89f05ab6b67ffff**89f05ab6b87ffff**89f05ab4d8fffff**89f05ab6b03ffff**89f05ab6b63ffff**89f05ab6b3bffff**89f05ab4d93ffff**89f05ab4d83ffff**89f05ab6b73ffff,648,Night
86,89f05aa44d7ffff**89f05aa449bffff**89f05aa4447ffff**89f05aa44c7ffff**89f05aa626fffff**89f05aa44c3ffff**89f05aa441bffff,559,Night
100,89f05aa6683ffff**89f05ab592fffff**89f05aa6693ffff**89f05aa6697ffff,558,Night
89,89f05ab4e3bffff**89f05ab4e33ffff**89f05ab4e2bffff**89f05ab4eabffff**89f05ab4ebbffff,557,Night
91,89f05aa624fffff**89f05aa71a7ffff**89f05aa71b7ffff**89f05aa6253ffff**89f05aa44dbffff**89f05aa6243ffff,551,Night
101,89f05aa6317ffff**89f05aa6307ffff**89f05aa638fffff**89f05aa6397ffff**89f05aa6387ffff,513,Night
92,89f05aa62c7ffff**89f05aa620bffff**89f05aa6667ffff**89f05aa6677ffff**89f05aa621bffff,469,Night
61,89f05ab595bffff**89f05ab594bffff,455,Night
68,89f05aa660fffff**89f05aa6603ffff**89f05aa62d7ffff**89f05aa668bffff**89f05aa666fffff**89f05aa6613ffff,447,Night
87,89f05aa4477ffff,391,Night
77,89f05ab6c8bffff**89f05ab6c17ffff**89f05ab6c03ffff**89f05ab6c8fffff**89f05ab6cbbffff**89f05ab6c83ffff**89f05ab6c07ffff**89f05ab680bffff**89f05ab6c0fffff**89f05ab6c6fffff**89f05ab6c93ffff**89f0587922fffff**89f05ab68d7ffff**89f05ab681bffff**89f05ab68c7ffff**89f05ab6c67ffff**89f05ab6c87ffff**89f05ab6c77ffff,387,Night
93,89f05ab4d43ffff**89f05ab48b7ffff**89f05ab4d4fffff,380,Night
48,89f05aa6073ffff**89f05aa600fffff**89f05aa6067ffff**89f05aa6077ffff**89f05aa606fffff**89f05aa63d7ffff**89f05aa6063ffff,348,Night
105,89f05aa6a9bffff**89f05aa6a93ffff**89f05aa4c13ffff**89f05aa6a17ffff**89f05aa6a8bffff**89f05aa6a77ffff**89f05aa6ac7ffff**89f05aa6a8fffff**89f05aa6a03ffff**89f05aa6a2bffff**89f05aa4c93ffff**89f05aa6a1bffff**89f05aa6a07ffff**89f05aa6a67ffff**89f05aa6a3bffff**89f05aa4c8bffff**89f05aa6a0fffff**89f05aa4cd7ffff**89f05aa6a13ffff**89f05aa6a73ffff**89f05aa6a0bffff**89f05aa6a83ffff**89f05aa6a6fffff**89f05aa4c9bffff**89f05aa6a63ffff**89f05aa4c83ffff**89f05aa6e67ffff,327,Night
110,89f05aa752fffff**89f05aa7113ffff**89f05aa7193ffff**89f05aa7197ffff**89f05aa7183ffff**89f05aa7187ffff**89f05aa710fffff**89f05aa718bffff**89f05aa71bbffff**89f05aa7177ffff**89f05aa7107ffff**89f05aa7103ffff**89f05aa7117ffff**89f05aa718fffff,309,Night
96,89f05ab4c8fffff**89f05ab4c17ffff**89f05ab4c83ffff,295,Night
106,89f05aa624bffff**89f05aa625bffff**89f05aa71b3ffff**89f05aa7527ffff,272,Night
65,89f05ab4b2fffff**89f05ab4b33ffff**89f05ab4bb3ffff**89f05ab4b23ffff**89f05ab4bbbffff**89f05ab494bffff**89f05ab4babffff,271,Night
126,89f05aa412fffff**89f05aa4e97ffff**89f05aa4e8fffff**89f05aa413bffff**89f05aa4ebbffff**89f05aa4e87ffff**89f05aa4117ffff**89f05aa412bffff**89f05aa4107ffff**89f05aa4e83ffff**89f05aa4e93ffff,262,Night
117,89f05ab4943ffff**89f058696cbffff**89f05ab4b37ffff**89f05ab4ba3ffff**89f05869653ffff**89f058696dbffff**89f05ab4ba7ffff**89f05869643ffff**89f05ab494fffff**89f05ab4bb7ffff**89f05ab4b27ffff**89f05ab4bafffff,232,Night
80,89f05aa6533ffff**89f05aa65abffff**89f05aa61bbffff**89f05aa65bbffff**89f05aa61a3ffff**89f05aa6587ffff**89f05aa6527ffff**89f0586924fffff**89f05aa6597ffff**89f05aa65afffff**89f05aa6197ffff**89f05aa61b7ffff**89f058692dbffff**89f05aa61abffff**89f05aa6123ffff**89f05869243ffff**89f05aa6133ffff**89f05869253ffff**89f05aa65a7ffff**89f05aa652fffff**89f0586925bffff**89f05aa61a7ffff**89f05aa6523ffff**89f05aa61afffff**89f0586924bffff**89f05aa6cdbffff**89f05aa65b7ffff**89f0586927bffff**89f05aa6ccbffff**89f058696c3ffff**89f05aa61b3ffff**89f058696cfffff**89f05aa612fffff**89f05869247ffff**89f05aa6187ffff**89f0586964fffff,224,Night
66,89f05aa6a47ffff**89f05aa6e6fffff**89f05aa6e6bffff**89f05aa6e77ffff**89f05aa6a57ffff**89f05aa6a7bffff**89f05aa6acfffff**89f05aa6ad7ffff**89f05aa6e1bffff**89f05aa6e63ffff**89f05aa6e7bffff**89f05aa6e0bffff**89f05aa6a6bffff**89f05aa6ad3ffff**89f05aa6ac3ffff**89f05aa6e73ffff,223,Night
98,89f05ab4e8bffff,222,Night
139,89f05ab6a2bffff,209,Night
123,89f05aa4003ffff**89f05aa40c3ffff**89f05aa430fffff**89f05aa408bffff**89f05aa4467ffff**89f05aa4473ffff**89f05aa400fffff**89f05aa43d7ffff**89f05aa4057ffff**89f05aa4303ffff**89f05aa4047ffff**89f05aa4013ffff**89f05aa40d3ffff**89f05aa4463ffff**89f05aa4073ffff**89f05aa4063ffff**89f05aa409bffff**89f05aa401bffff**89f05aa447bffff**89f05aa446bffff**89f05aa442bffff**89f05aa4093ffff**89f05aa40d7ffff**89f05aa438bffff**89f05aa446fffff**89f05aa4313ffff**89f05aa400bffff**89f05aa40c7ffff**89f05aa406fffff,191,Night
104,89f05ab6b1bffff**89f05ab6b0bffff**89f05ab6bcfffff**89f05ab6b47ffff**89f05ab6b57ffff**89f05ab6bc7ffff**89f05ab6bc3ffff,187,Night
103,89f05aa41afffff**89f05aa41b7ffff**89f05aa4c4bffff**89f05aa41b3ffff**89f05aa6a4fffff**89f05aa4c5bffff**89f05aa4137ffff**89f05aa6a4bffff**89f05aa41a3ffff**89f05aa4127ffff,187,Night
116,89f05ab6cc3ffff**89f05ab6ccfffff**89f05ab6c6bffff**89f05ab6c57ffff**89f05ab6c4fffff**89f05ab6c7bffff**89f05ab68d3ffff**89f05ab6c47ffff**89f05ab6cc7ffff,184,Night
107,89f05ab6d2bffff**89f05ab699bffff**89f05ab6967ffff**89f05ab6d07ffff**89f05ab6977ffff**89f05ab6993ffff**89f05ab6913ffff**89f05ab690fffff**89f05ab6d83ffff**89f05ab6d17ffff**89f05ab6d8fffff**89f05ab698bffff**89f0586b68bffff**89f05ab6903ffff**89f05ab6d3bffff,163,Night
135,89f05aa4567ffff**89f05aa4577ffff**89f05aa410fffff**89f05aa4e9bffff**89f05aa4177ffff**89f05aa419bffff**89f05aa4103ffff**89f05aa450fffff**89f05aa4113ffff**89f05aa453bffff**89f05aa418bffff**89f05aa4167ffff,160,Night
102,89f05ab4bd7ffff**89f05ab4b63ffff**89f05aa65d7ffff**89f05aa65c7ffff**89f05ab4b0bffff**89f05ab4b1bffff**89f05aa656bffff**89f05ab4b0fffff**89f05ab4b77ffff**89f05ab4b73ffff**89f05ab4b67ffff**89f05aa659bffff**89f05ab4b6fffff**89f05ab4bc7ffff**89f05aa651bffff,160,Night
133,89f05aa46a7ffff**89f05aa40dbffff**89f05aa40cbffff,158,Night
39,89f05ab4d8bffff**89f05ab4d1bffff**89f05ab4dc7ffff**89f05ab4d9bffff**89f05ab4d13ffff,158,Night
99,89f05ab6ea3ffff,157,Night
120,89f05aa65d3ffff**89f05aa6427ffff**89f05ab4b6bffff**89f05ab4b7bffff**89f05aa65dbffff**89f05aa64a7ffff**89f05aa65cbffff**89f05aa655bffff**89f05ab4b47ffff**89f05aa64b7ffff,155,Night
127,89f05ab6b9bffff**89f05ab6b8bffff**89f05ab686fffff**89f05ab6bd7ffff**89f05ab6863ffff**89f05ab6873ffff,151,Night
74,89f05aa460fffff**89f05aa4633ffff**89f05aa4677ffff**89f05aa4623ffff**89f05aa429bffff**89f05aa4297ffff**89f05aa468fffff**89f05aa462bffff**89f05aa4683ffff**89f05aa4607ffff**89f05aa4667ffff**89f05aa4617ffff**89f05aa462fffff**89f05aa463bffff,145,Night
129,89f05aa4517ffff**89f05aa4523ffff**89f05aa452bffff**89f05aa4197ffff**89f05aa4183ffff**89f05aa4133ffff**89f05aa452fffff**89f05aa4533ffff**89f05aa4187ffff**89f05aa41abffff**89f05aa41bbffff**89f05aa4507ffff**89f05aa4193ffff**89f05aa4123ffff**89f05aa418fffff,143,Night
156,89f0586b6d7ffff**89f0586b69bffff**89f0586b6c7ffff**89f0586b60bffff,120,Noon
112,89f05aa713bffff**89f05aa4613ffff**89f05aa4693ffff**89f05aa4687ffff**89f05aa468bffff**89f05aa46abffff**89f05aa46bbffff**89f05aa712bffff**89f05aa4603ffff**89f05aa4697ffff,113,Night
24,89f05ab6b8fffff**89f05ab6b83ffff**89f05ab6b13ffff**89f05ab6b93ffff,111,Night
111,89f05aa71afffff**89f05aa7127ffff**89f05aa46b3ffff**89f05aa7123ffff**89f05aa7133ffff**89f05aa71abffff**89f05aa712fffff**89f05aa71a3ffff**89f05aa444bffff**89f05aa7137ffff**89f05aa445bffff,99,Night
147,89f05aa422fffff**89f05aa4217ffff**89f05aa46afffff**89f05aa4267ffff**89f05aa4213ffff**89f05aa4293ffff**89f05aa5c87ffff**89f05aa5c83ffff**89f05aa4277ffff**89f05aa5c97ffff**89f05aa423bffff**89f05aa5c9bffff**89f05aa420fffff**89f05aa428bffff**89f05aa5c8fffff**89f05aa4203ffff**89f05aa5c93ffff**89f05aa405bffff**89f05aa4287ffff**89f05aa5c13ffff**89f05aa4207ffff**89f05aa4223ffff**89f05aa428fffff**89f05aa4637ffff**89f05aa4283ffff**89f05aa4627ffff**89f05aa404bffff**89f05aa5c03ffff,95,Morning
78,89f05ab6c97ffff**89f05879357ffff**89f05879227ffff**89f058793d3ffff**89f058793c3ffff**89f05879237ffff**89f058793cfffff**89f058792a7ffff**89f058792afffff**89f0587904fffff**89f0587934bffff**89f058793dbffff**89f0587906bffff**89f05879233ffff**89f058792a3ffff**89f058792abffff**89f05879353ffff**89f05879223ffff**89f0587935bffff**89f058792b7ffff**89f058793cbffff,93,Night
124,89f05aa62dbffff**89f05aa75afffff**89f05aa62cbffff**89f05aa666bffff**89f05aa62c3ffff**89f05aa7537ffff**89f05aa7523ffff**89f05aa75a3ffff**89f05aa667bffff**89f05aa62d3ffff**89f05aa75b7ffff**89f05aa75a7ffff,90,Night
145,89f0584c937ffff**89f0587b64fffff**89f0587b6c3ffff**89f0584c9afffff**89f0584cdb7ffff**89f0584e96bffff**89f0587b25bffff**89f0584c9b3ffff**89f0584c9a3ffff**89f0587b653ffff**89f0587b24bffff**89f0587b6d3ffff**89f0587b643ffff,88,Morning
94,89f05aa65c3ffff**89f05aa6037ffff**89f05aa654fffff**89f05aa6543ffff**89f05aa61d3ffff**89f05aa60a7ffff**89f05aa657bffff**89f05aa61c3ffff**89f05aa6153ffff**89f05aa65cfffff**89f05aa60b7ffff**89f05aa6547ffff**89f05aa61dbffff**89f05aa6143ffff**89f05aa6553ffff**89f05aa61cbffff**89f05aa6557ffff**89f05aa61cfffff,83,Night
67,89f05aa6e13ffff**89f05aa6103ffff**89f05aa616fffff**89f05aa6ed7ffff**89f05aa610fffff**89f05aa6177ffff**89f05aa6e8bffff**89f05aa6e03ffff**89f05aa6167ffff**89f05aa6ec7ffff**89f05aa6e9bffff,82,Night
95,89f05ab4127ffff**89f05ab4e87ffff,76,Night
128,89f05ab5d03ffff,73,Night
146,89f05ab6823ffff**89f05ab6827ffff**89f05ab6887ffff**89f05ab683bffff**89f05ab68abffff**89f05ab6807ffff**89f05ab695bffff**89f05ab68bbffff**89f05ab6c23ffff**89f05ab682bffff**89f05ab6897ffff**89f05ab6b97ffff**89f05ab6c2fffff**89f05ab6837ffff**89f05ab6833ffff**89f05ab682fffff**89f05ab6817ffff,64,Morning
108,89f05aa45cbffff**89f05aa44a3ffff**89f05aa45c3ffff**89f05aa45cfffff**89f05aa636bffff**89f05aa44b7ffff**89f05aa44afffff**89f05aa6343ffff**89f05aa454fffff**89f05aa634bffff**89f05aa634fffff**89f05aa637bffff**89f05aa44b3ffff**89f05aa45dbffff**89f05aa6353ffff**89f05aa44a7ffff**89f05aa4543ffff**89f05aa4553ffff**89f05aa45d3ffff,64,Night
82,89f05ab4d2bffff**89f05ab493bffff**89f05ab4d33ffff**89f05ab490fffff**89f05ab4917ffff**89f05ab4dabffff**89f05ab498fffff**89f05ab4993ffff**89f05ab4903ffff**89f05ab4913ffff**89f05ab4907ffff**89f05ab4d07ffff**89f05ab4d3bffff**89f05ab4983ffff**89f05ab49bbffff,56,Night
131,89f05aa650bffff**89f05aa6147ffff**89f05aa6157ffff**89f05aa6563ffff**89f05aa658bffff**89f05aa616bffff**89f05aa6573ffff**89f05aa656fffff**89f05aa617bffff,55,Night
149,89f05aa4513ffff**89f05aa45bbffff**89f05aa4587ffff**89f05aa632bffff**89f05aa4597ffff**89f05aa633bffff**89f05aa45a3ffff**89f05aa458bffff**89f05aa459bffff**89f05aa45afffff**89f05aa45abffff**89f05aa4503ffff**89f05aa6a5bffff**89f05aa4583ffff**89f05aa458fffff**89f05aa4593ffff**89f05aa4537ffff**89f05aa4527ffff**89f05aa6367ffff**89f05aa630fffff**89f05aa6377ffff,54,Noon
21,89f05ab4947ffff**89f05ab49c7ffff**89f05ab49cbffff**89f05ab49cfffff**89f05ab4953ffff**89f05ab497bffff**89f05ab496bffff**89f05ab49c3ffff**89f05ab491bffff**89f05ab490bffff**89f05ab4957ffff,52,Night
155,89f05ab6b27ffff**89f0586b65bffff**89f05ab4d87ffff**89f05ab6b2fffff**89f05ab6babffff**89f05ab4dbbffff**89f05ab6b23ffff**89f0586b64bffff**89f05ab4d97ffff**89f05ab6b33ffff,50,Noon
97,89f05aa65b3ffff**89f05aa6537ffff**89f0586965bffff**89f05aa65a3ffff**89f0586964bffff,48,Night
70,89f058692c7ffff**89f0586968bffff**89f05ab4967ffff**89f058696c7ffff**89f05869647ffff**89f05ab4977ffff**89f0586966bffff**89f0586969bffff**89f058696d3ffff**89f05ab496fffff**89f05869677ffff**89f058696d7ffff**89f0586966fffff**89f05869673ffff**89f058692d7ffff**89f0586961bffff**89f0586967bffff**89f05869663ffff**89f0586960bffff**89f05869613ffff**89f05ab4973ffff**89f05869603ffff**89f05ab4963ffff**89f05869667ffff**89f05869657ffff**89f058692d3ffff**89f0586960fffff,48,Night
113,89f05ab49d3ffff**89f05ab4d63ffff**89f05ab4d67ffff**89f05ab4d77ffff**89f05ab49d7ffff**89f05ab498bffff**89f05ab4d0bffff**89f05ab4d6fffff**89f05ab4d0fffff**89f05ab4d03ffff**89f05ab4d73ffff**89f05ab499bffff,47,Night
119,89f05aa41c3ffff**89f05aa4147ffff**89f05aa41cbffff**89f05aa40a7ffff**89f05aa456bffff**89f05aa4143ffff**89f05aa4153ffff**89f05aa414fffff**89f05aa417bffff**89f05aa41d3ffff**89f05aa4ec3ffff**89f05aa416bffff**89f05aa43b7ffff**89f05aa41cfffff**89f05aa43a7ffff**89f05aa4edbffff**89f05aa4ed3ffff**89f05aa4157ffff**89f05aa4ecfffff**89f05aa41dbffff,42,Night
125,89f05aa4ad7ffff**89f05aa4e53ffff**89f05aa4a53ffff**89f05aa4acbffff**89f05aa5da7ffff**89f05aa5db3ffff**89f05aa4a47ffff**89f05aa5d37ffff**89f05aa4a57ffff**89f05aa4a43ffff**89f05aa4e43ffff**89f05aa5dafffff**89f05aa4e7bffff**89f05aa4e6bffff**89f05aa4a4fffff**89f05aa4acfffff**89f05aa4a7bffff**89f05aa4e4fffff**89f05aa4a4bffff**89f05aa5d27ffff**89f05aa4ac3ffff**89f05aa4ad3ffff**89f05aa4a5bffff**89f05aa4adbffff**89f05aa5da3ffff**89f05aa5db7ffff,42,Night
121,89f05aa758fffff**89f05aa7513ffff**89f05aa752bffff**89f05aa7567ffff**89f05ab5b3bffff**89f05ab5b2bffff**89f05aa759bffff**89f05aa753bffff**89f05aa7517ffff**89f05aa7593ffff**89f05ab5b77ffff**89f05ab5b67ffff**89f05aa758bffff**89f05aa7577ffff**89f05ab5b0fffff**89f05aa7503ffff**89f05aa7507ffff**89f05aa7583ffff**89f05aa719bffff,39,Night
130,89f0586b6cfffff**89f05ab696bffff**89f0586b6c3ffff**89f0586b6d3ffff**89f0586b6dbffff**89f0586b6cbffff**89f05ab6bb7ffff**89f0586b653ffff**89f0586b657ffff**89f05ab6ba7ffff,39,Night
132,89f0586b2d7ffff**89f0586b21bffff**89f0586b66fffff**89f0586b663ffff**89f0586b20bffff**89f0586b673ffff**89f0586b61bffff**89f0586b2c7ffff,37,Night
171,89f05ab4e03ffff**89f05ab4e13ffff,36,Evening
134,89f05aa6193ffff**89f05aa6107ffff**89f05aa652bffff**89f05aa653bffff**89f05aa618fffff**89f05aa6117ffff**89f05aa6507ffff**89f05aa619bffff**89f05aa613bffff**89f05aa618bffff**89f05aa6183ffff**89f05aa6113ffff,36,Night
136,89f05ab5b13ffff**89f05ab5b07ffff**89f05ab5b8fffff**89f05ab5823ffff**89f05ab5b03ffff**89f05ab5b9bffff**89f05ab5b83ffff**89f05ab5833ffff**89f05ab582bffff**89f05ab582fffff**89f05ab5b17ffff**89f05ab5b93ffff**89f05ab5867ffff**89f05ab5b8bffff,35,Night
138,89f05aa4883ffff**89f05aa4babffff**89f05aa482bffff**89f05aa4b33ffff**89f05aa6a27ffff**89f05aa4b83ffff**89f05aa4837ffff**89f05aa48a3ffff**89f05aa4ba3ffff**89f05aa6a33ffff**89f05aa4823ffff**89f05aa6a37ffff**89f05aa48a7ffff**89f05aa4833ffff**89f05aa4cb3ffff**89f05aa48b7ffff**89f05aa4c2fffff**89f05aa4c8fffff**89f05aa4cabffff**89f05aa483bffff**89f05aa4c87ffff**89f05aa4b97ffff**89f05aa4c07ffff**89f05aa4c17ffff**89f05aa6a23ffff**89f05aa4d4bffff**89f05aa6a87ffff**89f05aa6aabffff**89f05aa4ca3ffff**89f05aa495bffff**89f05aa4897ffff**89f05aa4c27ffff**89f05aa482fffff**89f05aa48abffff**89f05aa4bb3ffff**89f05aa6b4bffff**89f05aa48bbffff**89f05aa48b3ffff**89f05aa4807ffff**89f05aa4cbbffff**89f05aa4c97ffff**89f05aa4817ffff**89f05aa4c23ffff**89f05aa48afffff**89f05aa4887ffff**89f05aa4953ffff**89f05aa4893ffff**89f05aa4bbbffff**89f05aa4c37ffff**89f05aa4c2bffff**89f05aa4827ffff**89f05aa4c3bffff**89f05aa49cbffff**89f05aa49dbffff**89f05aa4c33ffff**89f05aa494bffff**89f05aa4d5bffff**89f05aa6abbffff**89f05aa4b87ffff**89f05aa488fffff**89f05aa4cafffff**89f05aa4b23ffff**89f05aa4b93ffff**89f05aa6b5bffff**89f05aa6a2fffff,33,Night
115,89f05aa6403ffff**89f05aa640fffff,33,Night
137,89f05ab6c33ffff**89f05ab6c3bffff**89f05ab6893ffff**89f05ab6883ffff**89f05ab6c2bffff**89f05ab6cabffff**89f05ab688fffff,32,Night
84,89f05aa7163ffff**89f05aa750fffff**89f05aa7173ffff**89f05aa710bffff**89f05aa716fffff**89f05aa711bffff**89f05aa46d7ffff**89f05aa469bffff**89f05aa7167ffff,31,Night
122,89f05ab6d43ffff**89f05ab6d4fffff**89f05ab6d57ffff**89f05ab6dcbffff**89f05ab6d53ffff**89f05ab6d4bffff**89f05ab68b7ffff**89f05ab68afffff**89f05ab69dbffff**89f05ab6d7bffff**89f05ab6d6bffff**89f05ab68b3ffff**89f05ab68a7ffff**89f05ab6d47ffff**89f05ab6d0bffff**89f05ab68a3ffff,30,Night
142,89f05aa48cbffff**89f05aa4eb7ffff**89f05aa4cc7ffff**89f05aa4ccfffff**89f05aa4c57ffff**89f05aa48d3ffff**89f05aa4c6bffff**89f05aa4c7bffff**89f05aa4c47ffff**89f05aa48dbffff**89f05aa4853ffff**89f05aa4ea7ffff,30,Morning
143,89f05aa416fffff**89f05aa410bffff**89f05aa4163ffff**89f05aa4173ffff**89f05aa411bffff**89f05aa41c7ffff**89f05aa41d7ffff,28,Morning
148,89f05aa6e3bffff**89f05aa6e0fffff**89f05aa6e93ffff**89f05aa6e17ffff**89f05aa6e2bffff**89f05aa612bffff**89f05aa6e07ffff**89f05aa6e83ffff**89f05aa6e8fffff,27,Noon
185,89f05aa646fffff**89f05aa6047ffff**89f05aa6057ffff**89f05aa60c7ffff**89f05aa607bffff**89f05aa606bffff**89f05aa60d7ffff**89f05aa601bffff**89f05aa63d3ffff,24,Morning
163,89f05aa4a2bffff**89f05bda493ffff**89f05aa4e2fffff**89f05aa4e2bffff**89f05aa4a8fffff**89f05aa4e3bffff**89f05aa4a07ffff**89f05aa4eabffff**89f05aa4a93ffff**89f05aa4a3bffff**89f05aa4e23ffff**89f05aa4a17ffff**89f05aa4a97ffff**89f05aa4e33ffff,22,Noon
144,89f05bda413ffff**89f05bda083ffff**89f05bda43bffff**89f05bda09bffff**89f05bda4bbffff**89f05bda42bffff**89f05bda48bffff**89f05bda423ffff**89f05bda4abffff**89f05bda42fffff**89f05bda483ffff**89f05bda403ffff**89f05bda407ffff**89f05bda087ffff**89f05bda417ffff**89f05bda4b3ffff**89f05bda467ffff**89f05bda097ffff**89f05bda433ffff**89f05bda093ffff**89f05bda40fffff**89f05bda477ffff**89f05bda487ffff**89f05bda48fffff,21,Morning
169,89f05ab6cb7ffff**89f05879343ffff**89f05ab6cb3ffff**89f05ab6c37ffff**89f05ab6d5bffff**89f05ab6ca7ffff**89f05ab6cafffff**89f05879347ffff**89f05ab6ddbffff**89f05ab6c27ffff**89f0587934fffff**89f0587937bffff**89f05ab6ca3ffff,20,Evening
158,89f05aa4c6fffff**89f05aa48d7ffff**89f05aa4c03ffff**89f05aa48cfffff**89f05aa4c63ffff**89f05aa48c3ffff**89f05aa4c77ffff**89f05aa4c67ffff**89f05aa4c0fffff**89f05aa48c7ffff**89f05aa4c73ffff**89f05aa4c0bffff**89f05aa4c1bffff,18,Noon
160,89f05ab6947ffff**89f05ab6943ffff**89f05ab69cbffff**89f05ab69cfffff**89f05ab6d63ffff**89f05ab6d73ffff**89f05ab694fffff**89f05ab6957ffff**89f05ab6953ffff**89f05ab69d3ffff**89f05ab69c3ffff,17,Noon
174,89f05ab694bffff**89f05ab6bbbffff**89f05ab6bb3ffff**89f05ab6bafffff**89f05ab6b37ffff**89f05ab6ba3ffff,16,Evening
190,89f05aa4e67ffff**89f05aa4e03ffff**89f05aa4e0fffff**89f05aa4a1bffff**89f05aa4a13ffff**89f05aa4ac7ffff**89f05aa4e77ffff**89f05aa4a83ffff**89f05aa4a8bffff**89f05aa4a03ffff**89f05aa4a9bffff**89f05aa4e13ffff**89f05aa4a0bffff**89f05aa4e17ffff**89f05aa4e07ffff,14,Noon
167,89f05aa4b4fffff**89f05aa4bcbffff**89f05aa4a27ffff**89f05aa4bd3ffff**89f05aa4bc3ffff**89f05aa4ab7ffff**89f05aa4b4bffff**89f05aa4b43ffff**89f05aa4aa7ffff**89f05aa486bffff**89f05aa484bffff**89f05aa4b5bffff**89f05aa4847ffff**89f05aa4aa3ffff**89f05aa4843ffff**89f05aa4857ffff**89f05aa484fffff**89f05aa4bcfffff**89f05aa4a37ffff**89f05aa4b53ffff**89f05aa4ab3ffff**89f05aa4bdbffff**89f05aa4b57ffff**89f05aa487bffff,12,Noon
177,89f05ab4da7ffff**89f05ab4d37ffff**89f0586b64fffff**89f05ab4da3ffff**89f05ab4db7ffff**89f05ab4dafffff**89f0586b643ffff**89f05ab4db3ffff,12,Evening
154,89f05aa6ecfffff**89f05aa611bffff**89f05aa6583ffff**89f05aa6567ffff**89f05aa61c7ffff**89f05aa6e47ffff**89f05aa610bffff**89f05aa6503ffff**89f05aa658fffff**89f05aa6e57ffff**89f05aa6577ffff**89f05aa6ed3ffff**89f05aa6173ffff**89f05aa6ec3ffff**89f05aa61d7ffff**89f05aa6163ffff**89f05aa650fffff**89f05aa6513ffff**89f05aa6517ffff,11,Noon
152,89f05bda497ffff**89f05aa4aafffff**89f05aa4abbffff**89f05aa4a33ffff**89f05aa4a2fffff**89f05aa4aabffff**89f05aa4a23ffff,10,Noon
114,89f05aa43b3ffff**89f05aa4437ffff**89f05aa43bbffff**89f05aa455bffff**89f05aa40afffff**89f05aa40bbffff**89f05aa40abffff**89f05aa43abffff**89f05aa4323ffff**89f05aa40a3ffff**89f05aa40b3ffff**89f05aa4027ffff**89f05aa414bffff**89f05aa4397ffff**89f05aa4387ffff**89f05aa4033ffff**89f05aa415bffff**89f05aa4023ffff**89f05aa454bffff**89f05aa4037ffff**89f05aa4333ffff**89f05aa402fffff**89f05aa4427ffff,9,Night
182,89f05ab4a0bffff,9,Night
151,89f05bda46fffff**89f05bda0c7ffff**89f05bda473ffff**89f05bda0d3ffff**89f05bda057ffff**89f05bda01bffff**89f05bda063ffff**89f05bda06fffff**89f05bda00bffff**89f05bda073ffff**89f05bda0c3ffff**89f05bda0cfffff**89f05bda0d7ffff**89f05bda463ffff**89f05bda047ffff,8,Noon
153,89f058696bbffff**89f05ab4933ffff**89f05869623ffff**89f05ab49abffff**89f05869693ffff**89f05869607ffff**89f05ab4997ffff**89f05ab492fffff**89f05869687ffff**89f05ab492bffff**89f05ab4987ffff**89f0586968fffff**89f05ab4d23ffff**89f05869683ffff**89f05869617ffff**89f05ab4923ffff**89f05869633ffff**89f05ab4d2fffff**89f05869697ffff,8,Noon
164,89f05ab6d0fffff**89f05ab69c7ffff**89f05ab6d6fffff**89f05ab691bffff**89f05ab6963ffff**89f05ab690bffff**89f05ab6973ffff**89f05ab696fffff**89f05ab697bffff**89f05ab69d7ffff,8,Noon
157,89f05ab6a4fffff**89f05ab6a53ffff**89f05ab6a43ffff,8,Noon
150,89f05aa481bffff**89f05aa4bc7ffff**89f05aa4bd7ffff**89f05aa480bffff**89f05aa4b1bffff**89f05aa486fffff**89f05aa4873ffff**89f05aa4863ffff**89f05aa488bffff**89f05aa489bffff**89f05aa4813ffff,7,Noon
192,89f0584e933ffff**89f05845acfffff**89f0584e927ffff**89f0584e9a7ffff**89f0587b45bffff**89f05845e47ffff**89f0587b28fffff**89f0587b28bffff**89f0587b4dbffff**89f0584edb7ffff**89f0587b623ffff**89f05845a4bffff**89f05845e57ffff**89f05845e6bffff**89f0587b293ffff**89f05845e7bffff**89f0587b6bbffff**89f05845e63ffff**89f05845a4fffff**89f0587b607ffff**89f0587b44bffff**89f0587b62bffff**89f05845acbffff**89f0584e9a3ffff**89f0584e9b7ffff**89f0584eda3ffff**89f0587b62fffff**89f0587b4cbffff**89f0587b283ffff**89f0584ed37ffff**89f05845ad3ffff**89f0587b60fffff**89f05845e73ffff**89f0587b6b3ffff**89f0587b667ffff**89f0584edafffff**89f05845e43ffff**89f0587b63bffff**89f0587b603ffff**89f0587b29bffff**89f05845a53ffff**89f0584e9b3ffff**89f05845ac3ffff**89f0587b677ffff**89f05845adbffff**89f05845e0bffff**89f0587b617ffff**89f0584e923ffff**89f0584e937ffff**89f0584eda7ffff**89f0587b633ffff**89f05845a43ffff**89f05845e4fffff**89f0587b6abffff**89f0587b687ffff**89f0587b697ffff**89f0587b6a3ffff**89f0587b213ffff**89f0584e9afffff**89f0584e92fffff,6,Noon
191,89f0587b67bffff**89f0587b253ffff**89f0584cda7ffff**89f0587b663ffff**89f0587b2d3ffff**89f0587b657ffff**89f0587b647ffff**89f0587b24fffff**89f0587b2cbffff**89f0587b66fffff**89f0587b6cfffff**89f0587b66bffff**89f0587b2cfffff**89f0587b2dbffff**89f0587b2c3ffff**89f0587b243ffff,6,Noon
200,89f05ab411bffff**89f05ab410bffff**89f05ab41d7ffff**89f05ab41c7ffff,6,Morning
178,89f05ab6803ffff**89f05ab6867ffff**89f05ab6877ffff**89f05ab680fffff**89f05ab689bffff**89f05ab688bffff**89f05ab6813ffff,6,Evening
166,89f05aa6137ffff**89f05aa6c5bffff**89f05aa6e33ffff**89f05aa6eabffff**89f05aa6e2fffff**89f05aa6127ffff**89f05aa6eb7ffff**89f05aa6e37ffff**89f05aa6c4bffff**89f05aa6eafffff**89f05aa6ea3ffff**89f05aa6ebbffff**89f05aa6e87ffff**89f05aa6eb3ffff**89f05aa685bffff**89f05aa6a97ffff**89f05aa6c4fffff**89f05aa6ab3ffff**89f05aa6e97ffff,6,Noon
207,89f05ab45abffff**89f05ab45bbffff**89f05ab6e4bffff,5,Morning
197,89f05aa4ed7ffff**89f05aa4e57ffff**89f05aa4e73ffff**89f05aa4e63ffff**89f05aa4e0bffff**89f05aa4ec7ffff**89f05aa4e8bffff**89f05aa4e6fffff**89f05aa4e1bffff**89f05aa4e47ffff**89f05aa4ecbffff,5,Evening
118,89f05869257ffff**89f058692cbffff**89f058692c3ffff**89f058692cfffff,5,Night
194,89f05ab4a47ffff**89f05ab4ac7ffff**89f05ab4a57ffff**89f05ab4ad7ffff**89f05ab4acfffff**89f05ab4e6fffff**89f05ab4a53ffff,5,Noon
196,89f05aa4b8bffff**89f05aa4803ffff**89f05aa4877ffff**89f05aa4b9bffff**89f05aa480fffff**89f05aa4b03ffff**89f05aa4b77ffff**89f05aa4b0fffff**89f05aa4867ffff**89f05aa4b13ffff,5,Noon
168,89f05ab41afffff,5,Evening
159,89f0587936bffff**89f05ab6dd3ffff**89f05ab6dcfffff**89f05ab6dc3ffff,4,Noon
175,89f0584e97bffff**89f0584e957ffff**89f0584ed67ffff**89f0584e98bffff**89f0584e9d7ffff**89f0584ed2bffff**89f0584e947ffff**89f0584e9c3ffff**89f0584e9c7ffff**89f0584e99bffff**89f0584e9cfffff,4,Evening
212,89f05bda45bffff**89f05bda05bffff**89f05bda627ffff**89f05bda447ffff**89f05bda6a7ffff**89f05bda6b3ffff**89f05aa592fffff**89f05bda6b7ffff**89f05bda6a3ffff**89f05bda687ffff**89f05aa5923ffff**89f05aa5937ffff**89f05bda47bffff**89f05bda4cbffff**89f05bda0dbffff**89f05bda46bffff**89f05aa5933ffff**89f05bda44fffff**89f05bda453ffff**89f05bda637ffff**89f05bda443ffff**89f05bda6afffff**89f05bda457ffff**89f05bda44bffff**89f05aa59a7ffff**89f05bda697ffff**89f05aa59afffff**89f05bda6bbffff**89f05bda04bffff**89f05aa5927ffff,4,Morning
189,89f05ab6a8bffff**89f05ab6a03ffff**89f05ab6a0fffff**89f05ab6a13ffff,4,Noon
215,89f05bda2b7ffff**89f05bda3c3ffff**89f05bda2a3ffff**89f05bda3d3ffff**89f05bda3cbffff**89f05bda0cbffff**89f05bda353ffff**89f05bda07bffff**89f05bda3cfffff**89f05bda06bffff**89f05bda04fffff**89f05bda3dbffff**89f05bda053ffff**89f05bda2b3ffff**89f05bda043ffff**89f05bda2a7ffff,3,Night
208,89f05ab4e8fffff**89f05ab412fffff**89f05ab4e83ffff,3,Morning
211,89f05aa45d7ffff**89f05aa45c7ffff**89f05aa636fffff,3,Evening
170,89f05ab45b3ffff**89f05ab45a3ffff**89f05ab4523ffff**89f05ab4533ffff,3,Evening
165,89f05ab6e0fffff**89f05ab6e77ffff,3,Noon
180,89f05aa6827ffff**89f05aa6ca7ffff**89f05aa68afffff**89f0586936bffff**89f05aa6ddbffff**89f05aa6d43ffff**89f05aa6d53ffff**89f05869347ffff**89f0586937bffff**89f05aa6837ffff**89f05aa6dcbffff,3,Evening
186,89f05845303ffff**89f0584ed03ffff**89f0584ed1bffff**89f0584ed9bffff**89f0584531bffff**89f0584ed13ffff**89f0584ed0fffff**89f0584e9d3ffff**89f0584ed63ffff**89f058453d7ffff**89f0584530bffff**89f05845367ffff**89f0584530fffff**89f05845377ffff**89f058453c7ffff**89f0584ed0bffff**89f0584ed6fffff**89f0584edc7ffff**89f05845373ffff**89f0584edd7ffff**89f0584ed73ffff**89f0584ed77ffff**89f05845363ffff**89f0584536fffff**89f0584ed8bffff,2,Morning
198,89f0584e983ffff**89f0584e90fffff**89f0587b673ffff**89f0584e96fffff**89f0587b6d7ffff**89f0584e967ffff**89f0584e913ffff**89f0587b68bffff**89f0584e993ffff**89f0587b60bffff**89f0584e91bffff**89f0584e973ffff**89f0587b6c7ffff**89f0584e90bffff**89f0584e903ffff**89f0584e963ffff**89f0587b61bffff**89f0587b69bffff**89f0587b613ffff**89f0584e977ffff,2,Night
140,89f05aa4053ffff**89f05aa4043ffff**89f05aa404fffff**89f05aa40cfffff,2,Night
141,89f0584ec6fffff**89f0584ecc7ffff**89f0584ec83ffff**89f0584ec17ffff**89f0584523bffff**89f0584ec0bffff**89f0584ec03ffff**89f0584ec9bffff**89f0584ec1bffff**89f0584ec07ffff**89f05845223ffff**89f0584ec87ffff**89f0584ec73ffff**89f0584ec63ffff**89f0584ec8bffff**89f0584ec8fffff**89f05845233ffff**89f0584ec93ffff**89f0584ec13ffff**89f0584ec77ffff**89f0584522bffff**89f0584ec97ffff**89f05845267ffff**89f0584ec0fffff**89f0584522fffff,2,Morning
162,89f05aa4a67ffff**89f05aa4a0fffff**89f05bda40bffff**89f05bda49bffff**89f05bda4dbffff**89f05bda4cfffff**89f05bda4c7ffff**89f05aa4a77ffff**89f05aa59b7ffff**89f05aa4a6bffff**89f05bda4d3ffff**89f05aa4a63ffff**89f05bda4d7ffff**89f05aa4a6fffff**89f05aa4a73ffff**89f05bda41bffff**89f05bda4c3ffff,2,Noon
187,89f05ab4113ffff**89f05ab4577ffff**89f05ab419bffff**89f05ab418bffff**89f05ab4567ffff,2,Noon
172,89f05ab4107ffff**89f05ab413bffff**89f05ab41abffff**89f05ab41bbffff,2,Evening
199,89f05ab41b3ffff,2,Evening
201,89f05bda577ffff**89f05bda597ffff**89f05bda50fffff**89f05bda5c7ffff**89f05bda573ffff**89f05bda557ffff**89f05aa4b67ffff**89f05aa4b17ffff**89f05bda513ffff**89f05bda583ffff**89f05aa4b07ffff**89f05aa4b2bffff**89f05bda59bffff**89f05aa4b2fffff**89f05aa4b3bffff**89f05bda593ffff**89f05bda50bffff**89f05bda503ffff**89f05bda58bffff**89f05aa4b8fffff**89f05bda51bffff**89f05bda547ffff,2,Noon
183,89f05ab6a1bffff**89f05ab6ac7ffff**89f05ab6ad7ffff**89f05ab6e6fffff,2,Night
195,89f0587941bffff**89f0587b27bffff**89f058794c3ffff**89f05879463ffff**89f0587b273ffff**89f0584c9a7ffff**89f05879473ffff**89f05879447ffff**89f058794d3ffff**89f058794dbffff**89f0584c9b7ffff**89f058794c7ffff**89f058794d7ffff**89f05879457ffff**89f0587940bffff**89f058794cbffff**89f0587b26bffff,2,Noon
179,89f05ab6e67ffff**89f05ab6a9bffff,2,Evening
184,89f0587949bffff**89f05879413ffff**89f0587b277ffff**89f0587b203ffff**89f05879493ffff**89f0587b20fffff**89f05879467ffff**89f0587946fffff**89f0587b267ffff**89f0587948bffff**89f05879477ffff**89f05879403ffff**89f0587940fffff,2,Morning
173,89f05ab6e8bffff,1,Evening
188,89f05ab6a4bffff**89f05ab4527ffff**89f05ab6a5bffff,1,Noon
214,89f05aa4e4bffff**89f05aa5d17ffff**89f05aa4337ffff**89f05aa5d97ffff**89f05aa5d23ffff**89f05aa43afffff**89f05aa5d33ffff**89f05aa4e5bffff**89f05aa5dbbffff**89f05aa432fffff**89f05aa5dabffff**89f05aa5d07ffff**89f05aa4327ffff**89f05aa43a3ffff**89f05aa5d87ffff,1,Noon
213,89f05ab41a3ffff,1,Noon
161,89f05ab6e13ffff**89f05ab6e03ffff,1,Noon
210,89f0587b6b7ffff**89f0587b0cbffff**89f0587b637ffff**89f0587b043ffff**89f0587b04bffff**89f0587b6a7ffff**89f0587b04fffff**89f0587b44fffff**89f0587b05bffff**89f0587b053ffff**89f0587b627ffff**89f0587b2b3ffff**89f0587b0dbffff**89f0587b6afffff**89f0587b2b7ffff,1,Noon
209,89f05ab6e57ffff**89f05ab6e4fffff**89f05ab6e43ffff**89f05ab6ecfffff,1,Morning
181,89f05ab6e63ffff,1,Night
176,89f05aa6bbbffff**89f05aa4d07ffff**89f05aa490fffff**89f05aa6b23ffff**89f05aa4d17ffff**89f05aa49d7ffff**89f05aa499bffff**89f05aa6babffff**89f05aa4d2bffff**89f05aa4d83ffff**89f05aa4903ffff**89f05aa4913ffff**89f05aa4d3bffff**89f05aa4d8fffff**89f05aa498bffff**89f05aa4d77ffff**89f05aa6b33ffff**89f05aa4d6fffff**89f05aa4d93ffff**89f05aa4d03ffff,1,Evening
206,89f05ab6adbffff**89f05ab6acbffff,1,Morning
205,89f05aa60dbffff**89f05aa66b7ffff**89f05aa604fffff**89f05aa60cbffff**89f05aa6043ffff**89f05aa66a7ffff**89f05aa6053ffff,1,Morning
204,89f05ab453bffff**89f05ab4507ffff,1,Morning
203,89f05ab4e93ffff**89f05ab4123ffff**89f05ab412bffff**89f05ab4133ffff,1,Evening
202,89f05ab452bffff**89f05ab4193ffff,1,Evening
193,89f05ab6ad3ffff**89f05ab6e6bffff,1,Noon
216,89f05ab6a57ffff,1,Morning
